x,y,z,yaw,pitch,roll,q1_in,q2_in,q3_in,q4_in,q5_in,q6_in,q1_out,q2_out,q3_out,q4_out,q5_out,q6_out
-80.9148,-121.7499,1896.4867,-0.6941,0.9229,-1.4411,-2.2407,-0.7975,0.6551,-3.2989,1.1212,5.7052,-2.2347,-0.8949,0.6113,-3.2841,1.2117,5.6792
-80.9148,-121.7499,1896.4867,-0.6941,0.9229,-1.4411,-2.2233,-0.8511,0.5966,-3.232,1.1662,5.6429,-2.2347,-0.8949,0.6113,-3.2841,1.2117,5.6792
-80.9148,-121.7499,1896.4867,-0.6941,0.9229,-1.4411,-2.2567,-0.9468,0.582,-3.3165,1.122,5.5944,-2.2347,-0.8949,0.6113,-3.2841,1.2117,5.6792
-80.9148,-121.7499,1896.4867,-0.6941,0.9229,-1.4411,-2.1557,-0.8205,0.5532,-3.1993,1.2697,5.7474,-2.2347,-0.8949,0.6113,-3.2841,1.2117,5.6792
-80.9148,-121.7499,1896.4867,-0.6941,0.9229,-1.4411,-2.3267,-0.9279,0.6722,-3.2867,1.2266,5.6304,-2.2347,-0.8949,0.6113,-3.2841,1.2117,5.6792
-80.9148,-121.7499,1896.4867,-0.6941,0.9229,-1.4411,-2.2136,-0.9565,0.6271,-3.1954,1.1125,5.6827,-2.2347,-0.8949,0.6113,-3.2841,1.2117,5.6792
-80.9148,-121.7499,1896.4867,-0.6941,0.9229,-1.4411,-2.23,-0.9746,0.5258,-3.3786,1.2268,5.6399,-2.2347,-0.8949,0.6113,-3.2841,1.2117,5.6792
-80.9148,-121.7499,1896.4867,-0.6941,0.9229,-1.4411,-2.2372,-0.8157,0.5851,-3.3808,1.1388,5.6944,-2.2347,-0.8949,0.6113,-3.2841,1.2117,5.6792
-80.9148,-121.7499,1896.4867,-0.6941,0.9229,-1.4411,-2.2006,-0.9805,0.6648,-3.3272,1.1516,5.7234,-2.2347,-0.8949,0.6113,-3.2841,1.2117,5.6792
-80.9148,-121.7499,1896.4867,-0.6941,0.9229,-1.4411,-2.3286,-0.9699,0.6222,-3.2476,1.1629,5.7385,-2.2347,-0.8949,0.6113,-3.2841,1.2117,5.6792
-80.9148,-121.7499,1896.4867,-0.6941,0.9229,-1.4411,-2.2845,-0.8432,0.5434,-3.3236,1.2361,5.759,-2.2347,-0.8949,0.6113,-3.2841,1.2117,5.6792
-80.9148,-121.7499,1896.4867,-0.6941,0.9229,-1.4411,-2.2647,-0.8544,0.5895,-3.2064,1.1321,5.6401,-2.2347,-0.8949,0.6113,-3.2841,1.2117,5.6792
-80.9148,-121.7499,1896.4867,-0.6941,0.9229,-1.4411,-2.2616,-0.8762,0.6587,-3.185,1.3091,5.7705,-2.2347,-0.8949,0.6113,-3.2841,1.2117,5.6792
-80.9148,-121.7499,1896.4867,-0.6941,0.9229,-1.4411,-2.2893,-0.8142,0.5651,-3.2903,1.1625,5.7501,-2.2347,-0.8949,0.6113,-3.2841,1.2117,5.6792
-80.9148,-121.7499,1896.4867,-0.6941,0.9229,-1.4411,-2.1571,-0.9444,0.5916,-3.3231,1.1414,5.6366,-2.2347,-0.8949,0.6113,-3.2841,1.2117,5.6792
-80.9148,-121.7499,1896.4867,-0.6941,0.9229,-1.4411,-2.2299,-0.9292,0.5461,-3.3031,1.2208,5.6815,-2.2347,-0.8949,0.6113,-3.2841,1.2117,5.6792
-80.9148,-121.7499,1896.4867,-0.6941,0.9229,-1.4411,-2.2077,-0.945,0.5919,-3.2087,1.306,5.7611,-2.2347,-0.8949,0.6113,-3.2841,1.2117,5.6792
-80.9148,-121.7499,1896.4867,-0.6941,0.9229,-1.4411,-2.2918,-0.8734,0.569,-3.3458,1.1893,5.6141,-2.2347,-0.8949,0.6113,-3.2841,1.2117,5.6792
-80.9148,-121.7499,1896.4867,-0.6941,0.9229,-1.4411,-2.2128,-0.8049,0.6379,-3.1991,1.1871,5.7455,-2.2347,-0.8949,0.6113,-3.2841,1.2117,5.6792
-80.9148,-121.7499,1896.4867,-0.6941,0.9229,-1.4411,-2.3091,-0.947,0.6316,-3.2266,1.1542,5.6321,-2.2347,-0.8949,0.6113,-3.2841,1.2117,5.6792
167.0198,-810.7052,-342.5971,-2.7846,-0.4678,2.5467,-1.4188,1.361,0.4312,2.5853,-1.8262,1.566,-1.3232,1.365,0.4803,2.6717,-1.872,1.6005
167.0198,-810.7052,-342.5971,-2.7846,-0.4678,2.5467,-1.4058,1.3699,0.4924,2.6563,-1.963,1.5878,-1.3232,1.365,0.4803,2.6717,-1.872,1.6005
167.0198,-810.7052,-342.5971,-2.7846,-0.4678,2.5467,-1.3693,1.2936,0.3973,2.5791,-1.9309,1.6964,-1.3232,1.365,0.4803,2.6717,-1.872,1.6005
167.0198,-810.7052,-342.5971,-2.7846,-0.4678,2.5467,-1.3293,1.4645,0.5675,2.6723,-1.8938,1.535,-1.3232,1.365,0.4803,2.6717,-1.872,1.6005
167.0198,-810.7052,-342.5971,-2.7846,-0.4678,2.5467,-1.3485,1.3271,0.5473,2.6531,-1.8788,1.5501,-1.3232,1.365,0.4803,2.6717,-1.872,1.6005
167.0198,-810.7052,-342.5971,-2.7846,-0.4678,2.5467,-1.2745,1.3444,0.4999,2.5808,-1.8131,1.5147,-1.3232,1.365,0.4803,2.6717,-1.872,1.6005
167.0198,-810.7052,-342.5971,-2.7846,-0.4678,2.5467,-1.2298,1.3212,0.4313,2.6156,-1.809,1.5744,-1.3232,1.365,0.4803,2.6717,-1.872,1.6005
167.0198,-810.7052,-342.5971,-2.7846,-0.4678,2.5467,-1.3284,1.27,0.5636,2.6069,-1.9365,1.6033,-1.3232,1.365,0.4803,2.6717,-1.872,1.6005
167.0198,-810.7052,-342.5971,-2.7846,-0.4678,2.5467,-1.4207,1.4541,0.4485,2.5839,-1.8311,1.6013,-1.3232,1.365,0.4803,2.6717,-1.872,1.6005
167.0198,-810.7052,-342.5971,-2.7846,-0.4678,2.5467,-1.379,1.2661,0.4509,2.6244,-1.8506,1.6029,-1.3232,1.365,0.4803,2.6717,-1.872,1.6005
167.0198,-810.7052,-342.5971,-2.7846,-0.4678,2.5467,-1.2993,1.3852,0.531,2.7366,-1.814,1.6521,-1.3232,1.365,0.4803,2.6717,-1.872,1.6005
167.0198,-810.7052,-342.5971,-2.7846,-0.4678,2.5467,-1.3649,1.2897,0.4184,2.6428,-1.8649,1.5676,-1.3232,1.365,0.4803,2.6717,-1.872,1.6005
167.0198,-810.7052,-342.5971,-2.7846,-0.4678,2.5467,-1.3249,1.2912,0.4464,2.5897,-1.8998,1.5592,-1.3232,1.365,0.4803,2.6717,-1.872,1.6005
167.0198,-810.7052,-342.5971,-2.7846,-0.4678,2.5467,-1.4176,1.3286,0.5633,2.6116,-1.8361,1.5879,-1.3232,1.365,0.4803,2.6717,-1.872,1.6005
167.0198,-810.7052,-342.5971,-2.7846,-0.4678,2.5467,-1.4149,1.4647,0.4849,2.7631,-1.7931,1.6682,-1.3232,1.365,0.4803,2.6717,-1.872,1.6005
167.0198,-810.7052,-342.5971,-2.7846,-0.4678,2.5467,-1.4037,1.3351,0.567,2.5842,-1.8215,1.5895,-1.3232,1.365,0.4803,2.6717,-1.872,1.6005
167.0198,-810.7052,-342.5971,-2.7846,-0.4678,2.5467,-1.272,1.4168,0.5706,2.6902,-1.8578,1.6635,-1.3232,1.365,0.4803,2.6717,-1.872,1.6005
167.0198,-810.7052,-342.5971,-2.7846,-0.4678,2.5467,-1.2311,1.2704,0.4546,2.7274,-1.8271,1.5846,-1.3232,1.365,0.4803,2.6717,-1.872,1.6005
167.0198,-810.7052,-342.5971,-2.7846,-0.4678,2.5467,-1.4134,1.3993,0.4785,2.6398,-1.9175,1.5498,-1.3232,1.365,0.4803,2.6717,-1.872,1.6005
167.0198,-810.7052,-342.5971,-2.7846,-0.4678,2.5467,-1.2696,1.435,0.4554,2.7401,-1.8929,1.6202,-1.3232,1.365,0.4803,2.6717,-1.872,1.6005
-173.5964,83.7515,1304.4554,-2.8572,0.8314,-0.7602,2.3196,-0.1649,-0.6497,1.5227,0.8703,-6.0411,2.3348,-0.1041,-0.6016,1.5211,0.9173,-6.0078
-173.5964,83.7515,1304.4554,-2.8572,0.8314,-0.7602,2.3593,-0.1102,-0.5704,1.5067,0.848,-6.0382,2.3348,-0.1041,-0.6016,1.5211,0.9173,-6.0078
-173.5964,83.7515,1304.4554,-2.8572,0.8314,-0.7602,2.2517,-0.1259,-0.5886,1.4213,0.9249,-5.9593,2.3348,-0.1041,-0.6016,1.5211,0.9173,-6.0078
-173.5964,83.7515,1304.4554,-2.8572,0.8314,-0.7602,2.2389,-0.1004,-0.5596,1.5552,0.9982,-6.0867,2.3348,-0.1041,-0.6016,1.5211,0.9173,-6.0078
-173.5964,83.7515,1304.4554,-2.8572,0.8314,-0.7602,2.2631,-0.0895,-0.5023,1.5071,0.819,-6.0822,2.3348,-0.1041,-0.6016,1.5211,0.9173,-6.0078
-173.5964,83.7515,1304.4554,-2.8572,0.8314,-0.7602,2.4327,-0.1894,-0.5795,1.5908,0.8596,-6.1073,2.3348,-0.1041,-0.6016,1.5211,0.9173,-6.0078
-173.5964,83.7515,1304.4554,-2.8572,0.8314,-0.7602,2.3043,-0.0614,-0.6234,1.5457,0.8684,-6.083,2.3348,-0.1041,-0.6016,1.5211,0.9173,-6.0078
-173.5964,83.7515,1304.4554,-2.8572,0.8314,-0.7602,2.2514,-0.1503,-0.6813,1.4297,0.9253,-6.0302,2.3348,-0.1041,-0.6016,1.5211,0.9173,-6.0078
-173.5964,83.7515,1304.4554,-2.8572,0.8314,-0.7602,2.4334,-0.1968,-0.6396,1.5699,0.9942,-6.0975,2.3348,-0.1041,-0.6016,1.5211,0.9173,-6.0078
-173.5964,83.7515,1304.4554,-2.8572,0.8314,-0.7602,2.318,-0.194,-0.6138,1.4433,0.9971,-5.9882,2.3348,-0.1041,-0.6016,1.5211,0.9173,-6.0078
-173.5964,83.7515,1304.4554,-2.8572,0.8314,-0.7602,2.3579,-0.0435,-0.6938,1.4873,0.8974,-5.9534,2.3348,-0.1041,-0.6016,1.5211,0.9173,-6.0078
-173.5964,83.7515,1304.4554,-2.8572,0.8314,-0.7602,2.3592,-0.0477,-0.6658,1.4446,0.9651,-5.9271,2.3348,-0.1041,-0.6016,1.5211,0.9173,-6.0078
-173.5964,83.7515,1304.4554,-2.8572,0.8314,-0.7602,2.3824,-0.035,-0.5645,1.5787,0.8988,-6.1063,2.3348,-0.1041,-0.6016,1.5211,0.9173,-6.0078
-173.5964,83.7515,1304.4554,-2.8572,0.8314,-0.7602,2.2846,-0.1416,-0.6513,1.5048,1.0129,-6.0082,2.3348,-0.1041,-0.6016,1.5211,0.9173,-6.0078
-173.5964,83.7515,1304.4554,-2.8572,0.8314,-0.7602,2.2579,-0.1636,-0.6255,1.5091,0.8859,-6.0211,2.3348,-0.1041,-0.6016,1.5211,0.9173,-6.0078
-173.5964,83.7515,1304.4554,-2.8572,0.8314,-0.7602,2.307,-0.0181,-0.6797,1.5867,0.8646,-6.0368,2.3348,-0.1041,-0.6016,1.5211,0.9173,-6.0078
-173.5964,83.7515,1304.4554,-2.8572,0.8314,-0.7602,2.3674,-0.0926,-0.6234,1.4811,0.8247,-6.034,2.3348,-0.1041,-0.6016,1.5211,0.9173,-6.0078
-173.5964,83.7515,1304.4554,-2.8572,0.8314,-0.7602,2.2486,-0.0831,-0.6878,1.4967,0.8917,-5.9696,2.3348,-0.1041,-0.6016,1.5211,0.9173,-6.0078
-173.5964,83.7515,1304.4554,-2.8572,0.8314,-0.7602,2.39,-0.1363,-0.6293,1.4884,0.8637,-5.9852,2.3348,-0.1041,-0.6016,1.5211,0.9173,-6.0078
-173.5964,83.7515,1304.4554,-2.8572,0.8314,-0.7602,2.2522,-0.0829,-0.6074,1.428,0.9442,-5.9462,2.3348,-0.1041,-0.6016,1.5211,0.9173,-6.0078
409.6186,-568.0596,594.3522,0.1589,-0.651,2.0868,2.1175,-2.0105,-0.6597,-2.9002,-0.5944,2.2002,2.2124,-1.9174,-0.6914,-2.9081,-0.6436,2.1619
409.6186,-568.0596,594.3522,0.1589,-0.651,2.0868,2.2282,-1.9611,-0.6507,-3.0059,-0.5559,2.1686,2.2124,-1.9174,-0.6914,-2.9081,-0.6436,2.1619
409.6186,-568.0596,594.3522,0.1589,-0.651,2.0868,2.1717,-1.9414,-0.7482,-2.9301,-0.5747,2.1366,2.2124,-1.9174,-0.6914,-2.9081,-0.6436,2.1619
409.6186,-568.0596,594.3522,0.1589,-0.651,2.0868,2.1152,-2.0165,-0.7068,-3.0031,-0.6666,2.1343,2.2124,-1.9174,-0.6914,-2.9081,-0.6436,2.1619
409.6186,-568.0596,594.3522,0.1589,-0.651,2.0868,2.1956,-2.0065,-0.6906,-2.9887,-0.675,2.1598,2.2124,-1.9174,-0.6914,-2.9081,-0.6436,2.1619
409.6186,-568.0596,594.3522,0.1589,-0.651,2.0868,2.2952,-1.92,-0.6701,-3.002,-0.569,2.2455,2.2124,-1.9174,-0.6914,-2.9081,-0.6436,2.1619
409.6186,-568.0596,594.3522,0.1589,-0.651,2.0868,2.2412,-1.9125,-0.7276,-2.8515,-0.7299,2.2167,2.2124,-1.9174,-0.6914,-2.9081,-0.6436,2.1619
409.6186,-568.0596,594.3522,0.1589,-0.651,2.0868,2.2459,-2.0078,-0.6164,-2.8622,-0.6615,2.1727,2.2124,-1.9174,-0.6914,-2.9081,-0.6436,2.1619
409.6186,-568.0596,594.3522,0.1589,-0.651,2.0868,2.1316,-1.943,-0.6091,-2.952,-0.5648,2.1346,2.2124,-1.9174,-0.6914,-2.9081,-0.6436,2.1619
409.6186,-568.0596,594.3522,0.1589,-0.651,2.0868,2.303,-1.9122,-0.7746,-2.8808,-0.7154,2.166,2.2124,-1.9174,-0.6914,-2.9081,-0.6436,2.1619
409.6186,-568.0596,594.3522,0.1589,-0.651,2.0868,2.31,-1.9253,-0.6786,-2.9838,-0.5561,2.1808,2.2124,-1.9174,-0.6914,-2.9081,-0.6436,2.1619
409.6186,-568.0596,594.3522,0.1589,-0.651,2.0868,2.3119,-1.9198,-0.6309,-2.894,-0.5458,2.1622,2.2124,-1.9174,-0.6914,-2.9081,-0.6436,2.1619
409.6186,-568.0596,594.3522,0.1589,-0.651,2.0868,2.1273,-1.8891,-0.7558,-2.8352,-0.7151,2.0888,2.2124,-1.9174,-0.6914,-2.9081,-0.6436,2.1619
409.6186,-568.0596,594.3522,0.1589,-0.651,2.0868,2.2567,-1.9515,-0.7063,-2.9511,-0.5748,2.1065,2.2124,-1.9174,-0.6914,-2.9081,-0.6436,2.1619
409.6186,-568.0596,594.3522,0.1589,-0.651,2.0868,2.3109,-1.9448,-0.7638,-2.8823,-0.5763,2.1825,2.2124,-1.9174,-0.6914,-2.9081,-0.6436,2.1619
409.6186,-568.0596,594.3522,0.1589,-0.651,2.0868,2.2888,-1.9358,-0.6054,-2.8777,-0.6001,2.17,2.2124,-1.9174,-0.6914,-2.9081,-0.6436,2.1619
409.6186,-568.0596,594.3522,0.1589,-0.651,2.0868,2.3033,-1.8835,-0.7562,-2.992,-0.7296,2.2144,2.2124,-1.9174,-0.6914,-2.9081,-0.6436,2.1619
409.6186,-568.0596,594.3522,0.1589,-0.651,2.0868,2.2581,-1.8775,-0.6795,-2.976,-0.6067,2.0881,2.2124,-1.9174,-0.6914,-2.9081,-0.6436,2.1619
409.6186,-568.0596,594.3522,0.1589,-0.651,2.0868,2.3124,-2.0066,-0.665,-2.9792,-0.6337,2.23,2.2124,-1.9174,-0.6914,-2.9081,-0.6436,2.1619
409.6186,-568.0596,594.3522,0.1589,-0.651,2.0868,2.1614,-1.9858,-0.5964,-2.9738,-0.5635,2.1238,2.2124,-1.9174,-0.6914,-2.9081,-0.6436,2.1619
59.6167,57.6108,1079.0787,2.1591,-0.1658,0.4267,1.1888,0.0716,-1.1282,-0.327,1.4339,1.104,1.1252,-0.0076,-1.0321,-0.3564,1.3547,1.2028
59.6167,57.6108,1079.0787,2.1591,-0.1658,0.4267,1.0921,-0.0781,-0.9636,-0.4226,1.3294,1.1414,1.1252,-0.0076,-1.0321,-0.3564,1.3547,1.2028
59.6167,57.6108,1079.0787,2.1591,-0.1658,0.4267,1.049,0.0534,-0.981,-0.4557,1.3315,1.2089,1.1252,-0.0076,-1.0321,-0.3564,1.3547,1.2028
59.6167,57.6108,1079.0787,2.1591,-0.1658,0.4267,1.142,0.0593,-0.9643,-0.3858,1.3485,1.1436,1.1252,-0.0076,-1.0321,-0.3564,1.3547,1.2028
59.6167,57.6108,1079.0787,2.1591,-0.1658,0.4267,1.1855,-0.0953,-0.939,-0.3593,1.3344,1.3008,1.1252,-0.0076,-1.0321,-0.3564,1.3547,1.2028
59.6167,57.6108,1079.0787,2.1591,-0.1658,0.4267,1.2184,0.084,-1.0416,-0.3183,1.3241,1.1943,1.1252,-0.0076,-1.0321,-0.3564,1.3547,1.2028
59.6167,57.6108,1079.0787,2.1591,-0.1658,0.4267,1.0787,0.0711,-0.9942,-0.353,1.269,1.1568,1.1252,-0.0076,-1.0321,-0.3564,1.3547,1.2028
59.6167,57.6108,1079.0787,2.1591,-0.1658,0.4267,1.0707,0.0709,-0.9549,-0.2695,1.2941,1.1031,1.1252,-0.0076,-1.0321,-0.3564,1.3547,1.2028
59.6167,57.6108,1079.0787,2.1591,-0.1658,0.4267,1.0796,0.0714,-1.0039,-0.339,1.3914,1.1775,1.1252,-0.0076,-1.0321,-0.3564,1.3547,1.2028
59.6167,57.6108,1079.0787,2.1591,-0.1658,0.4267,1.1593,0.0502,-1.0235,-0.2823,1.3158,1.276,1.1252,-0.0076,-1.0321,-0.3564,1.3547,1.2028
59.6167,57.6108,1079.0787,2.1591,-0.1658,0.4267,1.056,-0.0806,-1.0946,-0.3781,1.381,1.2353,1.1252,-0.0076,-1.0321,-0.3564,1.3547,1.2028
59.6167,57.6108,1079.0787,2.1591,-0.1658,0.4267,1.1302,-0.0488,-1.0526,-0.3703,1.2947,1.1916,1.1252,-0.0076,-1.0321,-0.3564,1.3547,1.2028
59.6167,57.6108,1079.0787,2.1591,-0.1658,0.4267,1.2202,0.0922,-1.0491,-0.4022,1.3811,1.1316,1.1252,-0.0076,-1.0321,-0.3564,1.3547,1.2028
59.6167,57.6108,1079.0787,2.1591,-0.1658,0.4267,1.1843,0.0337,-1.0049,-0.3952,1.3371,1.1032,1.1252,-0.0076,-1.0321,-0.3564,1.3547,1.2028
59.6167,57.6108,1079.0787,2.1591,-0.1658,0.4267,1.2219,-0.0957,-1.0762,-0.3286,1.42,1.126,1.1252,-0.0076,-1.0321,-0.3564,1.3547,1.2028
59.6167,57.6108,1079.0787,2.1591,-0.1658,0.4267,1.1936,-0.0631,-0.9961,-0.2803,1.4189,1.3014,1.1252,-0.0076,-1.0321,-0.3564,1.3547,1.2028
59.6167,57.6108,1079.0787,2.1591,-0.1658,0.4267,1.0739,-0.0859,-1.0169,-0.4558,1.284,1.1292,1.1252,-0.0076,-1.0321,-0.3564,1.3547,1.2028
59.6167,57.6108,1079.0787,2.1591,-0.1658,0.4267,1.1022,0.0265,-0.9976,-0.3557,1.3509,1.259,1.1252,-0.0076,-1.0321,-0.3564,1.3547,1.2028
59.6167,57.6108,1079.0787,2.1591,-0.1658,0.4267,1.1729,-0.0382,-1.1091,-0.4537,1.3731,1.1138,1.1252,-0.0076,-1.0321,-0.3564,1.3547,1.2028
59.6167,57.6108,1079.0787,2.1591,-0.1658,0.4267,1.1797,-0.0708,-1.1284,-0.3178,1.2775,1.2572,1.1252,-0.0076,-1.0321,-0.3564,1.3547,1.2028
90.4258,19.7073,1417.674,1.0566,0.5114,-0.6702,-0.2568,-0.2452,-0.517,1.3777,0.4738,-5.9179,-0.2803,-0.3192,-0.4857,1.3148,0.5639,-5.8493
90.4258,19.7073,1417.674,1.0566,0.5114,-0.6702,-0.3495,-0.2498,-0.4722,1.3077,0.5225,-5.9204,-0.2803,-0.3192,-0.4857,1.3148,0.5639,-5.8493
90.4258,19.7073,1417.674,1.0566,0.5114,-0.6702,-0.3028,-0.3432,-0.4989,1.3639,0.594,-5.8659,-0.2803,-0.3192,-0.4857,1.3148,0.5639,-5.8493
90.4258,19.7073,1417.674,1.0566,0.5114,-0.6702,-0.3779,-0.3332,-0.4874,1.2951,0.633,-5.8695,-0.2803,-0.3192,-0.4857,1.3148,0.5639,-5.8493
90.4258,19.7073,1417.674,1.0566,0.5114,-0.6702,-0.2737,-0.3709,-0.4873,1.3064,0.5315,-5.9119,-0.2803,-0.3192,-0.4857,1.3148,0.5639,-5.8493
90.4258,19.7073,1417.674,1.0566,0.5114,-0.6702,-0.2363,-0.3361,-0.5389,1.2216,0.6147,-5.8279,-0.2803,-0.3192,-0.4857,1.3148,0.5639,-5.8493
90.4258,19.7073,1417.674,1.0566,0.5114,-0.6702,-0.3337,-0.3026,-0.4872,1.4079,0.6255,-5.8528,-0.2803,-0.3192,-0.4857,1.3148,0.5639,-5.8493
90.4258,19.7073,1417.674,1.0566,0.5114,-0.6702,-0.2083,-0.3462,-0.5683,1.3469,0.4723,-5.7938,-0.2803,-0.3192,-0.4857,1.3148,0.5639,-5.8493
90.4258,19.7073,1417.674,1.0566,0.5114,-0.6702,-0.2175,-0.2608,-0.5226,1.4075,0.5409,-5.8061,-0.2803,-0.3192,-0.4857,1.3148,0.5639,-5.8493
90.4258,19.7073,1417.674,1.0566,0.5114,-0.6702,-0.2264,-0.2654,-0.4499,1.2761,0.5677,-5.8675,-0.2803,-0.3192,-0.4857,1.3148,0.5639,-5.8493
90.4258,19.7073,1417.674,1.0566,0.5114,-0.6702,-0.2514,-0.2613,-0.4675,1.2679,0.5835,-5.8693,-0.2803,-0.3192,-0.4857,1.3148,0.5639,-5.8493
90.4258,19.7073,1417.674,1.0566,0.5114,-0.6702,-0.3695,-0.3599,-0.3885,1.3353,0.529,-5.7674,-0.2803,-0.3192,-0.4857,1.3148,0.5639,-5.8493
90.4258,19.7073,1417.674,1.0566,0.5114,-0.6702,-0.245,-0.3907,-0.5797,1.4001,0.6622,-5.9235,-0.2803,-0.3192,-0.4857,1.3148,0.5639,-5.8493
90.4258,19.7073,1417.674,1.0566,0.5114,-0.6702,-0.3537,-0.2764,-0.5568,1.2756,0.5134,-5.8344,-0.2803,-0.3192,-0.4857,1.3148,0.5639,-5.8493
90.4258,19.7073,1417.674,1.0566,0.5114,-0.6702,-0.2918,-0.3274,-0.4156,1.3193,0.6135,-5.7644,-0.2803,-0.3192,-0.4857,1.3148,0.5639,-5.8493
90.4258,19.7073,1417.674,1.0566,0.5114,-0.6702,-0.3098,-0.3673,-0.4086,1.331,0.6552,-5.8654,-0.2803,-0.3192,-0.4857,1.3148,0.5639,-5.8493
90.4258,19.7073,1417.674,1.0566,0.5114,-0.6702,-0.2115,-0.3617,-0.4195,1.3833,0.6479,-5.9157,-0.2803,-0.3192,-0.4857,1.3148,0.5639,-5.8493
90.4258,19.7073,1417.674,1.0566,0.5114,-0.6702,-0.236,-0.41,-0.3964,1.2884,0.593,-5.7735,-0.2803,-0.3192,-0.4857,1.3148,0.5639,-5.8493
90.4258,19.7073,1417.674,1.0566,0.5114,-0.6702,-0.3793,-0.2321,-0.5135,1.4123,0.5751,-5.8277,-0.2803,-0.3192,-0.4857,1.3148,0.5639,-5.8493
90.4258,19.7073,1417.674,1.0566,0.5114,-0.6702,-0.3667,-0.3412,-0.5349,1.3684,0.5981,-5.7831,-0.2803,-0.3192,-0.4857,1.3148,0.5639,-5.8493
-1.5106,128.5168,1289.9274,1.3696,-0.0707,1.0066,1.9324,-0.0661,-0.5624,-1.6254,0.61,6.8767,2.0248,-0.1389,-0.65,-1.5791,0.7038,6.9424
-1.5106,128.5168,1289.9274,1.3696,-0.0707,1.0066,1.9677,-0.1896,-0.6931,-1.6503,0.7663,6.9278,2.0248,-0.1389,-0.65,-1.5791,0.7038,6.9424
-1.5106,128.5168,1289.9274,1.3696,-0.0707,1.0066,2.0114,-0.1886,-0.5506,-1.6067,0.715,6.9336,2.0248,-0.1389,-0.65,-1.5791,0.7038,6.9424
-1.5106,128.5168,1289.9274,1.3696,-0.0707,1.0066,2.0899,-0.1524,-0.6244,-1.6526,0.6231,6.9846,2.0248,-0.1389,-0.65,-1.5791,0.7038,6.9424
-1.5106,128.5168,1289.9274,1.3696,-0.0707,1.0066,2.1034,-0.0512,-0.681,-1.5945,0.6894,6.8452,2.0248,-0.1389,-0.65,-1.5791,0.7038,6.9424
-1.5106,128.5168,1289.9274,1.3696,-0.0707,1.0066,1.9905,-0.1969,-0.5908,-1.5702,0.6331,6.8899,2.0248,-0.1389,-0.65,-1.5791,0.7038,6.9424
-1.5106,128.5168,1289.9274,1.3696,-0.0707,1.0066,2.0517,-0.1182,-0.6927,-1.5947,0.6954,6.8556,2.0248,-0.1389,-0.65,-1.5791,0.7038,6.9424
-1.5106,128.5168,1289.9274,1.3696,-0.0707,1.0066,2.0979,-0.2012,-0.6193,-1.5558,0.7376,6.9671,2.0248,-0.1389,-0.65,-1.5791,0.7038,6.9424
-1.5106,128.5168,1289.9274,1.3696,-0.0707,1.0066,2.1243,-0.0664,-0.7462,-1.6016,0.7472,6.9836,2.0248,-0.1389,-0.65,-1.5791,0.7038,6.9424
-1.5106,128.5168,1289.9274,1.3696,-0.0707,1.0066,2.0629,-0.1217,-0.562,-1.6662,0.7805,6.933,2.0248,-0.1389,-0.65,-1.5791,0.7038,6.9424
-1.5106,128.5168,1289.9274,1.3696,-0.0707,1.0066,2.0371,-0.1568,-0.6557,-1.4944,0.6208,7.0378,2.0248,-0.1389,-0.65,-1.5791,0.7038,6.9424
-1.5106,128.5168,1289.9274,1.3696,-0.0707,1.0066,1.9854,-0.21,-0.7493,-1.5322,0.715,6.9551,2.0248,-0.1389,-0.65,-1.5791,0.7038,6.9424
-1.5106,128.5168,1289.9274,1.3696,-0.0707,1.0066,2.1063,-0.1675,-0.5663,-1.6452,0.6046,6.9706,2.0248,-0.1389,-0.65,-1.5791,0.7038,6.9424
-1.5106,128.5168,1289.9274,1.3696,-0.0707,1.0066,1.9453,-0.1372,-0.5979,-1.5525,0.7522,6.9019,2.0248,-0.1389,-0.65,-1.5791,0.7038,6.9424
-1.5106,128.5168,1289.9274,1.3696,-0.0707,1.0066,1.9399,-0.0673,-0.6754,-1.6329,0.6384,6.9138,2.0248,-0.1389,-0.65,-1.5791,0.7038,6.9424
-1.5106,128.5168,1289.9274,1.3696,-0.0707,1.0066,2.0562,-0.1446,-0.6123,-1.4982,0.6422,6.8931,2.0248,-0.1389,-0.65,-1.5791,0.7038,6.9424
-1.5106,128.5168,1289.9274,1.3696,-0.0707,1.0066,1.9552,-0.0586,-0.7405,-1.5383,0.7946,7.0313,2.0248,-0.1389,-0.65,-1.5791,0.7038,6.9424
-1.5106,128.5168,1289.9274,1.3696,-0.0707,1.0066,2.0116,-0.057,-0.598,-1.5629,0.7427,6.9361,2.0248,-0.1389,-0.65,-1.5791,0.7038,6.9424
-1.5106,128.5168,1289.9274,1.3696,-0.0707,1.0066,1.9359,-0.1575,-0.5502,-1.6181,0.8004,7.0241,2.0248,-0.1389,-0.65,-1.5791,0.7038,6.9424
-1.5106,128.5168,1289.9274,1.3696,-0.0707,1.0066,2.0683,-0.0868,-0.5848,-1.6584,0.7159,6.896,2.0248,-0.1389,-0.65,-1.5791,0.7038,6.9424
-836.7108,701.1584,1118.0484,-2.7893,0.2406,1.7567,2.522,0.2541,0.2687,2.5903,-1.4698,4.6728,2.488,0.2264,0.2334,2.5295,-1.3724,4.73
-836.7108,701.1584,1118.0484,-2.7893,0.2406,1.7567,2.5045,0.2837,0.2507,2.4582,-1.296,4.8073,2.488,0.2264,0.2334,2.5295,-1.3724,4.73
-836.7108,701.1584,1118.0484,-2.7893,0.2406,1.7567,2.5672,0.2308,0.2008,2.58,-1.3932,4.7248,2.488,0.2264,0.2334,2.5295,-1.3724,4.73
-836.7108,701.1584,1118.0484,-2.7893,0.2406,1.7567,2.4023,0.2869,0.1944,2.4998,-1.4005,4.7825,2.488,0.2264,0.2334,2.5295,-1.3724,4.73
-836.7108,701.1584,1118.0484,-2.7893,0.2406,1.7567,2.518,0.3051,0.1588,2.4897,-1.3457,4.7787,2.488,0.2264,0.2334,2.5295,-1.3724,4.73
-836.7108,701.1584,1118.0484,-2.7893,0.2406,1.7567,2.4391,0.2792,0.245,2.4796,-1.468,4.7771,2.488,0.2264,0.2334,2.5295,-1.3724,4.73
-836.7108,701.1584,1118.0484,-2.7893,0.2406,1.7567,2.4496,0.1931,0.1349,2.5458,-1.372,4.7118,2.488,0.2264,0.2334,2.5295,-1.3724,4.73
-836.7108,701.1584,1118.0484,-2.7893,0.2406,1.7567,2.4154,0.2827,0.2763,2.6111,-1.3226,4.7627,2.488,0.2264,0.2334,2.5295,-1.3724,4.73
-836.7108,701.1584,1118.0484,-2.7893,0.2406,1.7567,2.5158,0.1897,0.221,2.4496,-1.4074,4.7035,2.488,0.2264,0.2334,2.5295,-1.3724,4.73
-836.7108,701.1584,1118.0484,-2.7893,0.2406,1.7567,2.3963,0.322,0.202,2.4297,-1.3515,4.6947,2.488,0.2264,0.2334,2.5295,-1.3724,4.73
-836.7108,701.1584,1118.0484,-2.7893,0.2406,1.7567,2.4336,0.1977,0.1511,2.6152,-1.3384,4.7109,2.488,0.2264,0.2334,2.5295,-1.3724,4.73
-836.7108,701.1584,1118.0484,-2.7893,0.2406,1.7567,2.5145,0.1773,0.2629,2.5517,-1.4313,4.7563,2.488,0.2264,0.2334,2.5295,-1.3724,4.73
-836.7108,701.1584,1118.0484,-2.7893,0.2406,1.7567,2.5775,0.2013,0.2739,2.4388,-1.3362,4.8116,2.488,0.2264,0.2334,2.5295,-1.3724,4.73
-836.7108,701.1584,1118.0484,-2.7893,0.2406,1.7567,2.5813,0.232,0.272,2.4985,-1.294,4.6408,2.488,0.2264,0.2334,2.5295,-1.3724,4.73
-836.7108,701.1584,1118.0484,-2.7893,0.2406,1.7567,2.5049,0.2076,0.2824,2.5872,-1.4474,4.7799,2.488,0.2264,0.2334,2.5295,-1.3724,4.73
-836.7108,701.1584,1118.0484,-2.7893,0.2406,1.7567,2.4534,0.1552,0.3226,2.4995,-1.3864,4.7143,2.488,0.2264,0.2334,2.5295,-1.3724,4.73
-836.7108,701.1584,1118.0484,-2.7893,0.2406,1.7567,2.4115,0.2375,0.3191,2.5517,-1.4554,4.7019,2.488,0.2264,0.2334,2.5295,-1.3724,4.73
-836.7108,701.1584,1118.0484,-2.7893,0.2406,1.7567,2.469,0.1435,0.1806,2.5357,-1.4569,4.7921,2.488,0.2264,0.2334,2.5295,-1.3724,4.73
-836.7108,701.1584,1118.0484,-2.7893,0.2406,1.7567,2.5076,0.2066,0.2303,2.6033,-1.2822,4.7349,2.488,0.2264,0.2334,2.5295,-1.3724,4.73
-836.7108,701.1584,1118.0484,-2.7893,0.2406,1.7567,2.5286,0.2531,0.1529,2.4656,-1.3585,4.6805,2.488,0.2264,0.2334,2.5295,-1.3724,4.73
-210.1525,-220.1899,-725.9217,-1.4771,0.5104,1.1931,-2.1736,1.7005,0.8694,-2.5894,1.5784,3.8398,-2.1631,1.7233,0.9434,-2.4908,1.524,3.8734
-210.1525,-220.1899,-725.9217,-1.4771,0.5104,1.1931,-2.2554,1.7245,1.0287,-2.5174,1.4903,3.8504,-2.1631,1.7233,0.9434,-2.4908,1.524,3.8734
-210.1525,-220.1899,-725.9217,-1.4771,0.5104,1.1931,-2.0663,1.7095,1.0342,-2.5522,1.5177,3.8047,-2.1631,1.7233,0.9434,-2.4908,1.524,3.8734
-210.1525,-220.1899,-725.9217,-1.4771,0.5104,1.1931,-2.1018,1.676,1.0431,-2.3918,1.5352,3.8755,-2.1631,1.7233,0.9434,-2.4908,1.524,3.8734
-210.1525,-220.1899,-725.9217,-1.4771,0.5104,1.1931,-2.2224,1.6885,0.9944,-2.5656,1.5414,3.8438,-2.1631,1.7233,0.9434,-2.4908,1.524,3.8734
-210.1525,-220.1899,-725.9217,-1.4771,0.5104,1.1931,-2.1106,1.7261,0.8972,-2.4622,1.4581,3.7894,-2.1631,1.7233,0.9434,-2.4908,1.524,3.8734
-210.1525,-220.1899,-725.9217,-1.4771,0.5104,1.1931,-2.2415,1.6684,0.9546,-2.4125,1.5067,3.8423,-2.1631,1.7233,0.9434,-2.4908,1.524,3.8734
-210.1525,-220.1899,-725.9217,-1.4771,0.5104,1.1931,-2.1885,1.7494,0.9231,-2.5207,1.5361,3.8339,-2.1631,1.7233,0.9434,-2.4908,1.524,3.8734
-210.1525,-220.1899,-725.9217,-1.4771,0.5104,1.1931,-2.0689,1.643,1.0355,-2.4901,1.5825,3.79,-2.1631,1.7233,0.9434,-2.4908,1.524,3.8734
-210.1525,-220.1899,-725.9217,-1.4771,0.5104,1.1931,-2.2189,1.7348,0.8664,-2.55,1.5403,3.9627,-2.1631,1.7233,0.9434,-2.4908,1.524,3.8734
-210.1525,-220.1899,-725.9217,-1.4771,0.5104,1.1931,-2.1675,1.7823,0.8599,-2.4389,1.595,3.8973,-2.1631,1.7233,0.9434,-2.4908,1.524,3.8734
-210.1525,-220.1899,-725.9217,-1.4771,0.5104,1.1931,-2.2239,1.6869,0.9824,-2.5608,1.4388,3.9483,-2.1631,1.7233,0.9434,-2.4908,1.524,3.8734
-210.1525,-220.1899,-725.9217,-1.4771,0.5104,1.1931,-2.1855,1.7317,1.0218,-2.5458,1.548,3.8378,-2.1631,1.7233,0.9434,-2.4908,1.524,3.8734
-210.1525,-220.1899,-725.9217,-1.4771,0.5104,1.1931,-2.1374,1.6555,0.9227,-2.5743,1.5165,3.8852,-2.1631,1.7233,0.9434,-2.4908,1.524,3.8734
-210.1525,-220.1899,-725.9217,-1.4771,0.5104,1.1931,-2.2112,1.646,1.0095,-2.466,1.4461,3.9037,-2.1631,1.7233,0.9434,-2.4908,1.524,3.8734
-210.1525,-220.1899,-725.9217,-1.4771,0.5104,1.1931,-2.1798,1.7566,0.8994,-2.5235,1.5023,3.8635,-2.1631,1.7233,0.9434,-2.4908,1.524,3.8734
-210.1525,-220.1899,-725.9217,-1.4771,0.5104,1.1931,-2.2453,1.7194,0.9572,-2.4935,1.4505,3.9727,-2.1631,1.7233,0.9434,-2.4908,1.524,3.8734
-210.1525,-220.1899,-725.9217,-1.4771,0.5104,1.1931,-2.1918,1.7828,0.9219,-2.571,1.5129,3.8272,-2.1631,1.7233,0.9434,-2.4908,1.524,3.8734
-210.1525,-220.1899,-725.9217,-1.4771,0.5104,1.1931,-2.0802,1.6654,0.885,-2.4365,1.4639,3.8696,-2.1631,1.7233,0.9434,-2.4908,1.524,3.8734
-210.1525,-220.1899,-725.9217,-1.4771,0.5104,1.1931,-2.2193,1.6798,0.9469,-2.5606,1.5831,3.9005,-2.1631,1.7233,0.9434,-2.4908,1.524,3.8734
288.1941,-644.1619,1383.4998,-2.9131,-0.9601,0.2487,-1.2057,0.1443,-0.0016,-1.2864,-0.9858,-6.5312,-1.2483,0.0477,-0.0311,-1.3534,-0.985,-6.4734
288.1941,-644.1619,1383.4998,-2.9131,-0.9601,0.2487,-1.3127,0.011,-0.0794,-1.3273,-0.9963,-6.3948,-1.2483,0.0477,-0.0311,-1.3534,-0.985,-6.4734
288.1941,-644.1619,1383.4998,-2.9131,-0.9601,0.2487,-1.1503,-0.0442,-0.1044,-1.2874,-0.9703,-6.4004,-1.2483,0.0477,-0.0311,-1.3534,-0.985,-6.4734
288.1941,-644.1619,1383.4998,-2.9131,-0.9601,0.2487,-1.2271,0.1192,-0.0933,-1.3035,-0.9597,-6.5622,-1.2483,0.0477,-0.0311,-1.3534,-0.985,-6.4734
288.1941,-644.1619,1383.4998,-2.9131,-0.9601,0.2487,-1.3413,0.0511,0.0396,-1.411,-0.908,-6.4743,-1.2483,0.0477,-0.0311,-1.3534,-0.985,-6.4734
288.1941,-644.1619,1383.4998,-2.9131,-0.9601,0.2487,-1.1488,-0.0287,-0.1307,-1.3565,-0.8918,-6.5681,-1.2483,0.0477,-0.0311,-1.3534,-0.985,-6.4734
288.1941,-644.1619,1383.4998,-2.9131,-0.9601,0.2487,-1.1557,0.0596,-0.0649,-1.3342,-0.9117,-6.4598,-1.2483,0.0477,-0.0311,-1.3534,-0.985,-6.4734
288.1941,-644.1619,1383.4998,-2.9131,-0.9601,0.2487,-1.1514,0.071,0.0322,-1.3143,-0.9162,-6.417,-1.2483,0.0477,-0.0311,-1.3534,-0.985,-6.4734
288.1941,-644.1619,1383.4998,-2.9131,-0.9601,0.2487,-1.2881,-0.0231,-0.078,-1.4035,-1.0792,-6.3817,-1.2483,0.0477,-0.0311,-1.3534,-0.985,-6.4734
288.1941,-644.1619,1383.4998,-2.9131,-0.9601,0.2487,-1.3449,-0.0172,-0.0445,-1.3663,-1.0605,-6.5453,-1.2483,0.0477,-0.0311,-1.3534,-0.985,-6.4734
288.1941,-644.1619,1383.4998,-2.9131,-0.9601,0.2487,-1.1546,-0.0345,-0.106,-1.2988,-1.0493,-6.5358,-1.2483,0.0477,-0.0311,-1.3534,-0.985,-6.4734
288.1941,-644.1619,1383.4998,-2.9131,-0.9601,0.2487,-1.1994,-0.0025,-0.0093,-1.4222,-0.9683,-6.4316,-1.2483,0.0477,-0.0311,-1.3534,-0.985,-6.4734
288.1941,-644.1619,1383.4998,-2.9131,-0.9601,0.2487,-1.1837,-0.0515,-0.0031,-1.4464,-1.0562,-6.415,-1.2483,0.0477,-0.0311,-1.3534,-0.985,-6.4734
288.1941,-644.1619,1383.4998,-2.9131,-0.9601,0.2487,-1.2435,-0.0007,-0.0173,-1.3434,-0.9789,-6.5605,-1.2483,0.0477,-0.0311,-1.3534,-0.985,-6.4734
288.1941,-644.1619,1383.4998,-2.9131,-0.9601,0.2487,-1.1814,0.0127,0.0482,-1.4532,-0.9727,-6.5407,-1.2483,0.0477,-0.0311,-1.3534,-0.985,-6.4734
288.1941,-644.1619,1383.4998,-2.9131,-0.9601,0.2487,-1.2608,0.1125,-0.0328,-1.3414,-0.9417,-6.4499,-1.2483,0.0477,-0.0311,-1.3534,-0.985,-6.4734
288.1941,-644.1619,1383.4998,-2.9131,-0.9601,0.2487,-1.2214,-0.007,0.018,-1.2591,-1.0583,-6.5684,-1.2483,0.0477,-0.0311,-1.3534,-0.985,-6.4734
288.1941,-644.1619,1383.4998,-2.9131,-0.9601,0.2487,-1.1779,-0.0306,-0.0937,-1.3647,-0.897,-6.5396,-1.2483,0.0477,-0.0311,-1.3534,-0.985,-6.4734
288.1941,-644.1619,1383.4998,-2.9131,-0.9601,0.2487,-1.1979,0.0811,-0.0243,-1.2639,-0.9176,-6.4977,-1.2483,0.0477,-0.0311,-1.3534,-0.985,-6.4734
288.1941,-644.1619,1383.4998,-2.9131,-0.9601,0.2487,-1.2537,0.1355,-0.1153,-1.3501,-0.8917,-6.4629,-1.2483,0.0477,-0.0311,-1.3534,-0.985,-6.4734
-1176.5342,321.7615,921.3528,1.4172,0.1152,-0.7566,2.7966,0.4487,0.3899,-1.7551,0.017,0.3649,2.875,0.4391,0.3259,-1.8062,0.0059,0.3964
-1176.5342,321.7615,921.3528,1.4172,0.1152,-0.7566,2.7881,0.4555,0.2514,-1.767,-0.0849,0.4595,2.875,0.4391,0.3259,-1.8062,0.0059,0.3964
-1176.5342,321.7615,921.3528,1.4172,0.1152,-0.7566,2.8637,0.3892,0.3551,-1.7683,-0.0914,0.3011,2.875,0.4391,0.3259,-1.8062,0.0059,0.3964
-1176.5342,321.7615,921.3528,1.4172,0.1152,-0.7566,2.9274,0.3888,0.2845,-1.8795,-0.0766,0.4087,2.875,0.4391,0.3259,-1.8062,0.0059,0.3964
-1176.5342,321.7615,921.3528,1.4172,0.1152,-0.7566,2.8268,0.4733,0.3701,-1.7756,0.0843,0.4375,2.875,0.4391,0.3259,-1.8062,0.0059,0.3964
-1176.5342,321.7615,921.3528,1.4172,0.1152,-0.7566,2.8152,0.348,0.3256,-1.8386,0.0032,0.4923,2.875,0.4391,0.3259,-1.8062,0.0059,0.3964
-1176.5342,321.7615,921.3528,1.4172,0.1152,-0.7566,2.86,0.3411,0.2643,-1.7118,-0.0047,0.3202,2.875,0.4391,0.3259,-1.8062,0.0059,0.3964
-1176.5342,321.7615,921.3528,1.4172,0.1152,-0.7566,2.8504,0.496,0.2316,-1.732,0.0007,0.4434,2.875,0.4391,0.3259,-1.8062,0.0059,0.3964
-1176.5342,321.7615,921.3528,1.4172,0.1152,-0.7566,2.9285,0.377,0.304,-1.7629,-0.0898,0.4021,2.875,0.4391,0.3259,-1.8062,0.0059,0.3964
-1176.5342,321.7615,921.3528,1.4172,0.1152,-0.7566,2.8978,0.4683,0.4056,-1.8191,0.0153,0.4205,2.875,0.4391,0.3259,-1.8062,0.0059,0.3964
-1176.5342,321.7615,921.3528,1.4172,0.1152,-0.7566,2.9435,0.4979,0.312,-1.8427,0.0603,0.3592,2.875,0.4391,0.3259,-1.8062,0.0059,0.3964
-1176.5342,321.7615,921.3528,1.4172,0.1152,-0.7566,2.7935,0.4147,0.4226,-1.7156,-0.0081,0.3534,2.875,0.4391,0.3259,-1.8062,0.0059,0.3964
-1176.5342,321.7615,921.3528,1.4172,0.1152,-0.7566,2.9499,0.5239,0.3469,-1.8463,0.0215,0.4011,2.875,0.4391,0.3259,-1.8062,0.0059,0.3964
-1176.5342,321.7615,921.3528,1.4172,0.1152,-0.7566,2.8225,0.5239,0.3917,-1.8427,-0.0668,0.4705,2.875,0.4391,0.3259,-1.8062,0.0059,0.3964
-1176.5342,321.7615,921.3528,1.4172,0.1152,-0.7566,2.9516,0.4175,0.3901,-1.8104,-0.0041,0.4796,2.875,0.4391,0.3259,-1.8062,0.0059,0.3964
-1176.5342,321.7615,921.3528,1.4172,0.1152,-0.7566,2.897,0.4917,0.4173,-1.7992,-0.0569,0.3515,2.875,0.4391,0.3259,-1.8062,0.0059,0.3964
-1176.5342,321.7615,921.3528,1.4172,0.1152,-0.7566,2.8521,0.3423,0.3613,-1.8736,0.1023,0.471,2.875,0.4391,0.3259,-1.8062,0.0059,0.3964
-1176.5342,321.7615,921.3528,1.4172,0.1152,-0.7566,2.9505,0.4938,0.3606,-1.7182,-0.0782,0.4104,2.875,0.4391,0.3259,-1.8062,0.0059,0.3964
-1176.5342,321.7615,921.3528,1.4172,0.1152,-0.7566,2.9087,0.4158,0.3736,-1.8112,0.0817,0.3135,2.875,0.4391,0.3259,-1.8062,0.0059,0.3964
-1176.5342,321.7615,921.3528,1.4172,0.1152,-0.7566,2.9056,0.5266,0.4194,-1.8138,-0.0318,0.4759,2.875,0.4391,0.3259,-1.8062,0.0059,0.3964
80.7242,95.75,1736.3598,2.8031,0.2091,-0.497,0.8744,-0.5883,0.0673,3.1649,-0.1176,5.0003,0.8694,-0.6219,0.0566,3.1879,-0.0295,5.0826
80.7242,95.75,1736.3598,2.8031,0.2091,-0.497,0.8491,-0.6477,0.0832,3.1895,-0.0501,5.0175,0.8694,-0.6219,0.0566,3.1879,-0.0295,5.0826
80.7242,95.75,1736.3598,2.8031,0.2091,-0.497,0.8598,-0.7155,0.0788,3.1785,-0.072,5.0631,0.8694,-0.6219,0.0566,3.1879,-0.0295,5.0826
80.7242,95.75,1736.3598,2.8031,0.2091,-0.497,0.9306,-0.5395,0.0618,3.1916,0.0177,5.0584,0.8694,-0.6219,0.0566,3.1879,-0.0295,5.0826
80.7242,95.75,1736.3598,2.8031,0.2091,-0.497,0.9321,-0.6324,-0.023,3.2475,0.064,5.0623,0.8694,-0.6219,0.0566,3.1879,-0.0295,5.0826
80.7242,95.75,1736.3598,2.8031,0.2091,-0.497,0.9201,-0.5322,-0.0378,3.1436,-0.0997,5.1536,0.8694,-0.6219,0.0566,3.1879,-0.0295,5.0826
80.7242,95.75,1736.3598,2.8031,0.2091,-0.497,0.7994,-0.6345,0.1494,3.1578,-0.0418,4.9868,0.8694,-0.6219,0.0566,3.1879,-0.0295,5.0826
80.7242,95.75,1736.3598,2.8031,0.2091,-0.497,0.8853,-0.634,-0.0173,3.1396,-0.0276,5.129,0.8694,-0.6219,0.0566,3.1879,-0.0295,5.0826
80.7242,95.75,1736.3598,2.8031,0.2091,-0.497,0.8536,-0.6899,0.0127,3.2705,0.018,5.1676,0.8694,-0.6219,0.0566,3.1879,-0.0295,5.0826
80.7242,95.75,1736.3598,2.8031,0.2091,-0.497,0.8901,-0.6017,0.0013,3.2365,-0.0914,5.1284,0.8694,-0.6219,0.0566,3.1879,-0.0295,5.0826
80.7242,95.75,1736.3598,2.8031,0.2091,-0.497,0.808,-0.6434,0.1325,3.2765,0.0367,5.1457,0.8694,-0.6219,0.0566,3.1879,-0.0295,5.0826
80.7242,95.75,1736.3598,2.8031,0.2091,-0.497,0.8163,-0.632,0.0025,3.1547,-0.0959,5.1229,0.8694,-0.6219,0.0566,3.1879,-0.0295,5.0826
80.7242,95.75,1736.3598,2.8031,0.2091,-0.497,0.8676,-0.5625,-0.0421,3.1141,-0.1122,5.0901,0.8694,-0.6219,0.0566,3.1879,-0.0295,5.0826
80.7242,95.75,1736.3598,2.8031,0.2091,-0.497,0.8206,-0.6791,0.0288,3.2662,-0.012,5.0804,0.8694,-0.6219,0.0566,3.1879,-0.0295,5.0826
80.7242,95.75,1736.3598,2.8031,0.2091,-0.497,0.904,-0.5309,-0.0281,3.2802,-0.1176,5.0602,0.8694,-0.6219,0.0566,3.1879,-0.0295,5.0826
80.7242,95.75,1736.3598,2.8031,0.2091,-0.497,0.937,-0.6795,0.0378,3.2807,-0.063,5.0342,0.8694,-0.6219,0.0566,3.1879,-0.0295,5.0826
80.7242,95.75,1736.3598,2.8031,0.2091,-0.497,0.8005,-0.7085,0.0613,3.2026,-0.0268,5.1433,0.8694,-0.6219,0.0566,3.1879,-0.0295,5.0826
80.7242,95.75,1736.3598,2.8031,0.2091,-0.497,0.9553,-0.6683,0.1342,3.1225,-0.0663,5.1221,0.8694,-0.6219,0.0566,3.1879,-0.0295,5.0826
80.7242,95.75,1736.3598,2.8031,0.2091,-0.497,0.9478,-0.5408,0.1008,3.1445,-0.0504,4.9962,0.8694,-0.6219,0.0566,3.1879,-0.0295,5.0826
80.7242,95.75,1736.3598,2.8031,0.2091,-0.497,0.951,-0.6857,0.0901,3.2541,-0.0621,5.0478,0.8694,-0.6219,0.0566,3.1879,-0.0295,5.0826
-99.9966,150.3738,969.5922,-0.1604,0.3822,-2.6748,-0.8789,-0.4345,-0.9474,3.1352,1.1304,-0.7062,-0.9447,-0.5052,-0.9544,3.0477,1.0948,-0.6747
-99.9966,150.3738,969.5922,-0.1604,0.3822,-2.6748,-0.9453,-0.4314,-0.9086,3.0003,1.1621,-0.6231,-0.9447,-0.5052,-0.9544,3.0477,1.0948,-0.6747
-99.9966,150.3738,969.5922,-0.1604,0.3822,-2.6748,-0.9669,-0.5973,-0.9011,3.1159,1.0017,-0.7076,-0.9447,-0.5052,-0.9544,3.0477,1.0948,-0.6747
-99.9966,150.3738,969.5922,-0.1604,0.3822,-2.6748,-0.9377,-0.4615,-1.0312,3.0929,1.0815,-0.6734,-0.9447,-0.5052,-0.9544,3.0477,1.0948,-0.6747
-99.9966,150.3738,969.5922,-0.1604,0.3822,-2.6748,-0.8795,-0.5598,-0.8841,3.1161,1.071,-0.6332,-0.9447,-0.5052,-0.9544,3.0477,1.0948,-0.6747
-99.9966,150.3738,969.5922,-0.1604,0.3822,-2.6748,-0.8497,-0.4966,-0.9041,3.1365,1.0077,-0.5994,-0.9447,-0.5052,-0.9544,3.0477,1.0948,-0.6747
-99.9966,150.3738,969.5922,-0.1604,0.3822,-2.6748,-0.9464,-0.4851,-0.9538,3.0399,1.0322,-0.734,-0.9447,-0.5052,-0.9544,3.0477,1.0948,-0.6747
-99.9966,150.3738,969.5922,-0.1604,0.3822,-2.6748,-0.9015,-0.5723,-1.0405,3.0906,1.0685,-0.6216,-0.9447,-0.5052,-0.9544,3.0477,1.0948,-0.6747
-99.9966,150.3738,969.5922,-0.1604,0.3822,-2.6748,-0.9072,-0.5174,-0.9658,3.0168,1.1617,-0.7516,-0.9447,-0.5052,-0.9544,3.0477,1.0948,-0.6747
-99.9966,150.3738,969.5922,-0.1604,0.3822,-2.6748,-0.9831,-0.4216,-0.8692,2.999,1.1882,-0.6309,-0.9447,-0.5052,-0.9544,3.0477,1.0948,-0.6747
-99.9966,150.3738,969.5922,-0.1604,0.3822,-2.6748,-0.9269,-0.5936,-1.0198,3.1211,1.1619,-0.6791,-0.9447,-0.5052,-0.9544,3.0477,1.0948,-0.6747
-99.9966,150.3738,969.5922,-0.1604,0.3822,-2.6748,-0.9183,-0.6008,-0.9342,3.1209,1.1902,-0.7394,-0.9447,-0.5052,-0.9544,3.0477,1.0948,-0.6747
-99.9966,150.3738,969.5922,-0.1604,0.3822,-2.6748,-0.8637,-0.4362,-1.0064,2.976,1.0186,-0.6474,-0.9447,-0.5052,-0.9544,3.0477,1.0948,-0.6747
-99.9966,150.3738,969.5922,-0.1604,0.3822,-2.6748,-0.9875,-0.4678,-0.9388,3.0754,0.9951,-0.7549,-0.9447,-0.5052,-0.9544,3.0477,1.0948,-0.6747
-99.9966,150.3738,969.5922,-0.1604,0.3822,-2.6748,-0.9892,-0.5807,-0.9821,3.1395,1.0085,-0.7636,-0.9447,-0.5052,-0.9544,3.0477,1.0948,-0.6747
-99.9966,150.3738,969.5922,-0.1604,0.3822,-2.6748,-0.8909,-0.5189,-0.8888,2.9839,1.0717,-0.662,-0.9447,-0.5052,-0.9544,3.0477,1.0948,-0.6747
-99.9966,150.3738,969.5922,-0.1604,0.3822,-2.6748,-0.9297,-0.4344,-0.8588,3.0125,1.0413,-0.6572,-0.9447,-0.5052,-0.9544,3.0477,1.0948,-0.6747
-99.9966,150.3738,969.5922,-0.1604,0.3822,-2.6748,-0.9547,-0.4994,-0.9561,3.0667,1.0451,-0.7393,-0.9447,-0.5052,-0.9544,3.0477,1.0948,-0.6747
-99.9966,150.3738,969.5922,-0.1604,0.3822,-2.6748,-0.9275,-0.5395,-0.9033,3.1006,1.0049,-0.711,-0.9447,-0.5052,-0.9544,3.0477,1.0948,-0.6747
-99.9966,150.3738,969.5922,-0.1604,0.3822,-2.6748,-0.9538,-0.5021,-0.888,3.0793,1.141,-0.71,-0.9447,-0.5052,-0.9544,3.0477,1.0948,-0.6747
1142.021,205.8263,-31.2896,-0.2191,-0.0969,-0.3115,0.2506,0.9648,0.8604,-3.4356,1.7079,2.6636,0.1549,0.9323,0.853,-3.4716,1.7477,2.6876
1142.021,205.8263,-31.2896,-0.2191,-0.0969,-0.3115,0.2184,0.8419,0.8371,-3.5385,1.8452,2.7048,0.1549,0.9323,0.853,-3.4716,1.7477,2.6876
1142.021,205.8263,-31.2896,-0.2191,-0.0969,-0.3115,0.164,0.8875,0.7999,-3.484,1.8148,2.7501,0.1549,0.9323,0.853,-3.4716,1.7477,2.6876
1142.021,205.8263,-31.2896,-0.2191,-0.0969,-0.3115,0.1214,0.9143,0.9499,-3.5179,1.6623,2.712,0.1549,0.9323,0.853,-3.4716,1.7477,2.6876
1142.021,205.8263,-31.2896,-0.2191,-0.0969,-0.3115,0.1578,0.8675,0.7629,-3.4797,1.6919,2.6556,0.1549,0.9323,0.853,-3.4716,1.7477,2.6876
1142.021,205.8263,-31.2896,-0.2191,-0.0969,-0.3115,0.1019,1.0081,0.891,-3.4072,1.7,2.5955,0.1549,0.9323,0.853,-3.4716,1.7477,2.6876
1142.021,205.8263,-31.2896,-0.2191,-0.0969,-0.3115,0.0987,0.9238,0.7552,-3.5306,1.8239,2.7433,0.1549,0.9323,0.853,-3.4716,1.7477,2.6876
1142.021,205.8263,-31.2896,-0.2191,-0.0969,-0.3115,0.0891,0.8537,0.775,-3.4159,1.7036,2.5976,0.1549,0.9323,0.853,-3.4716,1.7477,2.6876
1142.021,205.8263,-31.2896,-0.2191,-0.0969,-0.3115,0.1805,0.9559,0.7648,-3.3931,1.6513,2.6331,0.1549,0.9323,0.853,-3.4716,1.7477,2.6876
1142.021,205.8263,-31.2896,-0.2191,-0.0969,-0.3115,0.2194,0.8958,0.7671,-3.4014,1.703,2.7868,0.1549,0.9323,0.853,-3.4716,1.7477,2.6876
1142.021,205.8263,-31.2896,-0.2191,-0.0969,-0.3115,0.2064,0.9308,0.8338,-3.4206,1.6602,2.7249,0.1549,0.9323,0.853,-3.4716,1.7477,2.6876
1142.021,205.8263,-31.2896,-0.2191,-0.0969,-0.3115,0.1444,0.8951,0.8007,-3.5709,1.7311,2.615,0.1549,0.9323,0.853,-3.4716,1.7477,2.6876
1142.021,205.8263,-31.2896,-0.2191,-0.0969,-0.3115,0.1951,0.9659,0.9232,-3.5639,1.7592,2.7246,0.1549,0.9323,0.853,-3.4716,1.7477,2.6876
1142.021,205.8263,-31.2896,-0.2191,-0.0969,-0.3115,0.0917,0.9672,0.8236,-3.4226,1.7549,2.7826,0.1549,0.9323,0.853,-3.4716,1.7477,2.6876
1142.021,205.8263,-31.2896,-0.2191,-0.0969,-0.3115,0.062,0.8972,0.9184,-3.5071,1.6594,2.7798,0.1549,0.9323,0.853,-3.4716,1.7477,2.6876
1142.021,205.8263,-31.2896,-0.2191,-0.0969,-0.3115,0.2027,0.892,0.7858,-3.5377,1.8185,2.6646,0.1549,0.9323,0.853,-3.4716,1.7477,2.6876
1142.021,205.8263,-31.2896,-0.2191,-0.0969,-0.3115,0.1208,0.9879,0.8412,-3.416,1.7291,2.6796,0.1549,0.9323,0.853,-3.4716,1.7477,2.6876
1142.021,205.8263,-31.2896,-0.2191,-0.0969,-0.3115,0.2029,1.0088,0.7573,-3.551,1.7595,2.6832,0.1549,0.9323,0.853,-3.4716,1.7477,2.6876
1142.021,205.8263,-31.2896,-0.2191,-0.0969,-0.3115,0.1665,0.9165,0.8529,-3.569,1.7775,2.5904,0.1549,0.9323,0.853,-3.4716,1.7477,2.6876
1142.021,205.8263,-31.2896,-0.2191,-0.0969,-0.3115,0.2547,0.8375,0.7624,-3.3798,1.8458,2.785,0.1549,0.9323,0.853,-3.4716,1.7477,2.6876
302.4142,163.5597,1738.0275,0.4971,-1.0328,1.5706,-2.3965,-1.268,0.3899,1.4986,1.7745,3.5222,-2.4034,-1.2181,0.3048,1.4215,1.761,3.5026
302.4142,163.5597,1738.0275,0.4971,-1.0328,1.5706,-2.3822,-1.2088,0.2413,1.4452,1.8523,3.454,-2.4034,-1.2181,0.3048,1.4215,1.761,3.5026
302.4142,163.5597,1738.0275,0.4971,-1.0328,1.5706,-2.3497,-1.1814,0.3675,1.3788,1.836,3.5061,-2.4034,-1.2181,0.3048,1.4215,1.761,3.5026
302.4142,163.5597,1738.0275,0.4971,-1.0328,1.5706,-2.4821,-1.2361,0.3554,1.4145,1.8595,3.408,-2.4034,-1.2181,0.3048,1.4215,1.761,3.5026
302.4142,163.5597,1738.0275,0.4971,-1.0328,1.5706,-2.4067,-1.3074,0.3621,1.4503,1.8527,3.4205,-2.4034,-1.2181,0.3048,1.4215,1.761,3.5026
302.4142,163.5597,1738.0275,0.4971,-1.0328,1.5706,-2.4794,-1.3082,0.207,1.5041,1.6654,3.4385,-2.4034,-1.2181,0.3048,1.4215,1.761,3.5026
302.4142,163.5597,1738.0275,0.4971,-1.0328,1.5706,-2.4786,-1.1988,0.2445,1.4136,1.7348,3.5676,-2.4034,-1.2181,0.3048,1.4215,1.761,3.5026
302.4142,163.5597,1738.0275,0.4971,-1.0328,1.5706,-2.4595,-1.2782,0.2834,1.4931,1.7061,3.4381,-2.4034,-1.2181,0.3048,1.4215,1.761,3.5026
302.4142,163.5597,1738.0275,0.4971,-1.0328,1.5706,-2.3686,-1.2318,0.3374,1.5023,1.8369,3.5341,-2.4034,-1.2181,0.3048,1.4215,1.761,3.5026
302.4142,163.5597,1738.0275,0.4971,-1.0328,1.5706,-2.4005,-1.1623,0.2442,1.3495,1.7406,3.4302,-2.4034,-1.2181,0.3048,1.4215,1.761,3.5026
302.4142,163.5597,1738.0275,0.4971,-1.0328,1.5706,-2.4879,-1.26,0.2098,1.4331,1.8563,3.5436,-2.4034,-1.2181,0.3048,1.4215,1.761,3.5026
302.4142,163.5597,1738.0275,0.4971,-1.0328,1.5706,-2.4017,-1.2526,0.3412,1.4827,1.664,3.5506,-2.4034,-1.2181,0.3048,1.4215,1.761,3.5026
302.4142,163.5597,1738.0275,0.4971,-1.0328,1.5706,-2.4584,-1.1348,0.2216,1.3542,1.825,3.5393,-2.4034,-1.2181,0.3048,1.4215,1.761,3.5026
302.4142,163.5597,1738.0275,0.4971,-1.0328,1.5706,-2.3373,-1.2365,0.2627,1.483,1.6852,3.4969,-2.4034,-1.2181,0.3048,1.4215,1.761,3.5026
302.4142,163.5597,1738.0275,0.4971,-1.0328,1.5706,-2.3108,-1.2376,0.3728,1.4195,1.7036,3.4169,-2.4034,-1.2181,0.3048,1.4215,1.761,3.5026
302.4142,163.5597,1738.0275,0.4971,-1.0328,1.5706,-2.4796,-1.2064,0.2079,1.4831,1.7997,3.5291,-2.4034,-1.2181,0.3048,1.4215,1.761,3.5026
302.4142,163.5597,1738.0275,0.4971,-1.0328,1.5706,-2.4709,-1.2784,0.2787,1.4295,1.7442,3.5836,-2.4034,-1.2181,0.3048,1.4215,1.761,3.5026
302.4142,163.5597,1738.0275,0.4971,-1.0328,1.5706,-2.4758,-1.2953,0.3738,1.508,1.7101,3.4478,-2.4034,-1.2181,0.3048,1.4215,1.761,3.5026
302.4142,163.5597,1738.0275,0.4971,-1.0328,1.5706,-2.3929,-1.1607,0.2488,1.3366,1.6643,3.5823,-2.4034,-1.2181,0.3048,1.4215,1.761,3.5026
302.4142,163.5597,1738.0275,0.4971,-1.0328,1.5706,-2.4654,-1.15,0.34,1.4531,1.6878,3.5238,-2.4034,-1.2181,0.3048,1.4215,1.761,3.5026
807.2126,-433.7437,-203.2404,1.0444,0.1337,1.7287,-0.4021,1.5115,0.3243,1.8668,-0.0502,-6.7366,-0.4876,1.4501,0.2604,1.851,-0.0617,-6.6899
807.2126,-433.7437,-203.2404,1.0444,0.1337,1.7287,-0.5299,1.3761,0.1863,1.9056,0.0084,-6.7406,-0.4876,1.4501,0.2604,1.851,-0.0617,-6.6899
807.2126,-433.7437,-203.2404,1.0444,0.1337,1.7287,-0.5282,1.5061,0.2423,1.8312,0.0183,-6.7227,-0.4876,1.4501,0.2604,1.851,-0.0617,-6.6899
807.2126,-433.7437,-203.2404,1.0444,0.1337,1.7287,-0.5213,1.4948,0.3166,1.9331,-0.1494,-6.597,-0.4876,1.4501,0.2604,1.851,-0.0617,-6.6899
807.2126,-433.7437,-203.2404,1.0444,0.1337,1.7287,-0.4465,1.5142,0.3363,1.8323,-0.0165,-6.6727,-0.4876,1.4501,0.2604,1.851,-0.0617,-6.6899
807.2126,-433.7437,-203.2404,1.0444,0.1337,1.7287,-0.3957,1.4866,0.1775,1.838,0.0026,-6.789,-0.4876,1.4501,0.2604,1.851,-0.0617,-6.6899
807.2126,-433.7437,-203.2404,1.0444,0.1337,1.7287,-0.4517,1.4324,0.1732,1.9201,-0.0805,-6.7275,-0.4876,1.4501,0.2604,1.851,-0.0617,-6.6899
807.2126,-433.7437,-203.2404,1.0444,0.1337,1.7287,-0.5394,1.4696,0.214,1.8738,-0.0702,-6.6016,-0.4876,1.4501,0.2604,1.851,-0.0617,-6.6899
807.2126,-433.7437,-203.2404,1.0444,0.1337,1.7287,-0.4554,1.4154,0.2351,1.8891,-0.0462,-6.6588,-0.4876,1.4501,0.2604,1.851,-0.0617,-6.6899
807.2126,-433.7437,-203.2404,1.0444,0.1337,1.7287,-0.5245,1.4657,0.2371,1.7655,-0.0679,-6.6869,-0.4876,1.4501,0.2604,1.851,-0.0617,-6.6899
807.2126,-433.7437,-203.2404,1.0444,0.1337,1.7287,-0.4699,1.4384,0.349,1.9405,-0.1389,-6.7181,-0.4876,1.4501,0.2604,1.851,-0.0617,-6.6899
807.2126,-433.7437,-203.2404,1.0444,0.1337,1.7287,-0.43,1.4531,0.2263,1.8549,-0.0947,-6.6515,-0.4876,1.4501,0.2604,1.851,-0.0617,-6.6899
807.2126,-433.7437,-203.2404,1.0444,0.1337,1.7287,-0.5596,1.5135,0.1834,1.8981,0.0015,-6.6626,-0.4876,1.4501,0.2604,1.851,-0.0617,-6.6899
807.2126,-433.7437,-203.2404,1.0444,0.1337,1.7287,-0.4934,1.4362,0.2794,1.8987,-0.0309,-6.7264,-0.4876,1.4501,0.2604,1.851,-0.0617,-6.6899
807.2126,-433.7437,-203.2404,1.0444,0.1337,1.7287,-0.5361,1.4059,0.2305,1.932,-0.0226,-6.619,-0.4876,1.4501,0.2604,1.851,-0.0617,-6.6899
807.2126,-433.7437,-203.2404,1.0444,0.1337,1.7287,-0.4434,1.4062,0.2096,1.8882,-0.1015,-6.6568,-0.4876,1.4501,0.2604,1.851,-0.0617,-6.6899
807.2126,-433.7437,-203.2404,1.0444,0.1337,1.7287,-0.4276,1.4695,0.2812,1.7518,-0.1284,-6.7793,-0.4876,1.4501,0.2604,1.851,-0.0617,-6.6899
807.2126,-433.7437,-203.2404,1.0444,0.1337,1.7287,-0.4065,1.5465,0.1646,1.8432,-0.0749,-6.7539,-0.4876,1.4501,0.2604,1.851,-0.0617,-6.6899
807.2126,-433.7437,-203.2404,1.0444,0.1337,1.7287,-0.5713,1.5414,0.2321,1.8322,0.0378,-6.6969,-0.4876,1.4501,0.2604,1.851,-0.0617,-6.6899
807.2126,-433.7437,-203.2404,1.0444,0.1337,1.7287,-0.4648,1.4031,0.2078,1.7734,-0.1034,-6.6018,-0.4876,1.4501,0.2604,1.851,-0.0617,-6.6899
330.5565,-1174.2007,539.2578,1.9559,-0.6572,0.3095,-1.3011,0.7117,0.2189,-0.8087,-0.6173,3.8358,-1.323,0.7709,0.3159,-0.7388,-0.602,3.9031
330.5565,-1174.2007,539.2578,1.9559,-0.6572,0.3095,-1.2423,0.7584,0.2876,-0.7415,-0.6317,3.9071,-1.323,0.7709,0.3159,-0.7388,-0.602,3.9031
330.5565,-1174.2007,539.2578,1.9559,-0.6572,0.3095,-1.3666,0.7295,0.345,-0.6392,-0.534,3.8497,-1.323,0.7709,0.3159,-0.7388,-0.602,3.9031
330.5565,-1174.2007,539.2578,1.9559,-0.6572,0.3095,-1.4121,0.7812,0.3266,-0.7875,-0.5025,3.8778,-1.323,0.7709,0.3159,-0.7388,-0.602,3.9031
330.5565,-1174.2007,539.2578,1.9559,-0.6572,0.3095,-1.3056,0.7527,0.3319,-0.7358,-0.5997,3.8483,-1.323,0.7709,0.3159,-0.7388,-0.602,3.9031
330.5565,-1174.2007,539.2578,1.9559,-0.6572,0.3095,-1.415,0.7031,0.2266,-0.8162,-0.6346,3.9513,-1.323,0.7709,0.3159,-0.7388,-0.602,3.9031
330.5565,-1174.2007,539.2578,1.9559,-0.6572,0.3095,-1.4219,0.735,0.2408,-0.6916,-0.5644,3.8314,-1.323,0.7709,0.3159,-0.7388,-0.602,3.9031
330.5565,-1174.2007,539.2578,1.9559,-0.6572,0.3095,-1.2847,0.7354,0.3944,-0.6794,-0.5606,3.8104,-1.323,0.7709,0.3159,-0.7388,-0.602,3.9031
330.5565,-1174.2007,539.2578,1.9559,-0.6572,0.3095,-1.3063,0.7024,0.391,-0.7189,-0.5102,3.9534,-1.323,0.7709,0.3159,-0.7388,-0.602,3.9031
330.5565,-1174.2007,539.2578,1.9559,-0.6572,0.3095,-1.329,0.7293,0.2808,-0.6618,-0.6369,3.8234,-1.323,0.7709,0.3159,-0.7388,-0.602,3.9031
330.5565,-1174.2007,539.2578,1.9559,-0.6572,0.3095,-1.2894,0.6807,0.2393,-0.6765,-0.6099,3.8224,-1.323,0.7709,0.3159,-0.7388,-0.602,3.9031
330.5565,-1174.2007,539.2578,1.9559,-0.6572,0.3095,-1.3979,0.8577,0.3525,-0.7867,-0.5142,3.859,-1.323,0.7709,0.3159,-0.7388,-0.602,3.9031
330.5565,-1174.2007,539.2578,1.9559,-0.6572,0.3095,-1.2281,0.819,0.2548,-0.8036,-0.5132,3.9886,-1.323,0.7709,0.3159,-0.7388,-0.602,3.9031
330.5565,-1174.2007,539.2578,1.9559,-0.6572,0.3095,-1.2602,0.6914,0.263,-0.6993,-0.5102,3.8033,-1.323,0.7709,0.3159,-0.7388,-0.602,3.9031
330.5565,-1174.2007,539.2578,1.9559,-0.6572,0.3095,-1.2553,0.835,0.2275,-0.7857,-0.5227,3.9207,-1.323,0.7709,0.3159,-0.7388,-0.602,3.9031
330.5565,-1174.2007,539.2578,1.9559,-0.6572,0.3095,-1.4164,0.7641,0.3096,-0.6559,-0.5775,3.8055,-1.323,0.7709,0.3159,-0.7388,-0.602,3.9031
330.5565,-1174.2007,539.2578,1.9559,-0.6572,0.3095,-1.2976,0.7283,0.4102,-0.7788,-0.5118,3.9862,-1.323,0.7709,0.3159,-0.7388,-0.602,3.9031
330.5565,-1174.2007,539.2578,1.9559,-0.6572,0.3095,-1.4186,0.8442,0.3173,-0.7989,-0.57,3.8116,-1.323,0.7709,0.3159,-0.7388,-0.602,3.9031
330.5565,-1174.2007,539.2578,1.9559,-0.6572,0.3095,-1.2639,0.7483,0.3567,-0.7835,-0.5413,3.8919,-1.323,0.7709,0.3159,-0.7388,-0.602,3.9031
330.5565,-1174.2007,539.2578,1.9559,-0.6572,0.3095,-1.2994,0.8016,0.3934,-0.7532,-0.6572,3.8678,-1.323,0.7709,0.3159,-0.7388,-0.602,3.9031
-1405.5811,27.6043,1101.7607,-2.2594,0.8664,0.7547,3.0971,-0.0179,1.0632,3.2994,-0.0315,3.5574,3.1213,-0.0356,1.014,3.2516,-0.1017,3.5654
-1405.5811,27.6043,1101.7607,-2.2594,0.8664,0.7547,3.0405,-0.1228,0.971,3.2673,-0.1509,3.5029,3.1213,-0.0356,1.014,3.2516,-0.1017,3.5654
-1405.5811,27.6043,1101.7607,-2.2594,0.8664,0.7547,3.1131,0.0217,1.0226,3.178,-0.129,3.4685,3.1213,-0.0356,1.014,3.2516,-0.1017,3.5654
-1405.5811,27.6043,1101.7607,-2.2594,0.8664,0.7547,3.2106,0.05,0.9523,3.2449,-0.138,3.552,3.1213,-0.0356,1.014,3.2516,-0.1017,3.5654
-1405.5811,27.6043,1101.7607,-2.2594,0.8664,0.7547,3.1159,0.0079,0.9833,3.2482,-0.1713,3.5292,3.1213,-0.0356,1.014,3.2516,-0.1017,3.5654
-1405.5811,27.6043,1101.7607,-2.2594,0.8664,0.7547,3.0306,0.033,0.9797,3.3279,-0.1954,3.4655,3.1213,-0.0356,1.014,3.2516,-0.1017,3.5654
-1405.5811,27.6043,1101.7607,-2.2594,0.8664,0.7547,3.1085,-0.0346,1.0362,3.3366,-0.1324,3.627,3.1213,-0.0356,1.014,3.2516,-0.1017,3.5654
-1405.5811,27.6043,1101.7607,-2.2594,0.8664,0.7547,3.2066,-0.0352,0.9197,3.2667,-0.0892,3.5086,3.1213,-0.0356,1.014,3.2516,-0.1017,3.5654
-1405.5811,27.6043,1101.7607,-2.2594,0.8664,0.7547,3.0467,0.0065,1.0953,3.259,-0.1646,3.5583,3.1213,-0.0356,1.014,3.2516,-0.1017,3.5654
-1405.5811,27.6043,1101.7607,-2.2594,0.8664,0.7547,3.1033,-0.0532,0.9533,3.1819,-0.016,3.491,3.1213,-0.0356,1.014,3.2516,-0.1017,3.5654
-1405.5811,27.6043,1101.7607,-2.2594,0.8664,0.7547,3.0858,-0.0946,1.081,3.1656,-0.0597,3.6227,3.1213,-0.0356,1.014,3.2516,-0.1017,3.5654
-1405.5811,27.6043,1101.7607,-2.2594,0.8664,0.7547,3.1783,0.0481,1.0493,3.1827,-0.1205,3.4836,3.1213,-0.0356,1.014,3.2516,-0.1017,3.5654
-1405.5811,27.6043,1101.7607,-2.2594,0.8664,0.7547,3.1808,-0.0489,0.9902,3.1537,-0.0448,3.5762,3.1213,-0.0356,1.014,3.2516,-0.1017,3.5654
-1405.5811,27.6043,1101.7607,-2.2594,0.8664,0.7547,3.0952,0.0348,0.975,3.3117,-0.1793,3.5105,3.1213,-0.0356,1.014,3.2516,-0.1017,3.5654
-1405.5811,27.6043,1101.7607,-2.2594,0.8664,0.7547,3.2154,0.0174,1.0325,3.3176,-0.0223,3.5189,3.1213,-0.0356,1.014,3.2516,-0.1017,3.5654
-1405.5811,27.6043,1101.7607,-2.2594,0.8664,0.7547,3.2131,0.0569,0.9559,3.1614,-0.1329,3.4883,3.1213,-0.0356,1.014,3.2516,-0.1017,3.5654
-1405.5811,27.6043,1101.7607,-2.2594,0.8664,0.7547,3.173,0.0547,0.9629,3.2665,-0.0345,3.5903,3.1213,-0.0356,1.014,3.2516,-0.1017,3.5654
-1405.5811,27.6043,1101.7607,-2.2594,0.8664,0.7547,3.2152,0.0359,0.9319,3.2952,-0.1782,3.503,3.1213,-0.0356,1.014,3.2516,-0.1017,3.5654
-1405.5811,27.6043,1101.7607,-2.2594,0.8664,0.7547,3.2073,-0.1198,1.0098,3.1851,-0.1561,3.4928,3.1213,-0.0356,1.014,3.2516,-0.1017,3.5654
-1405.5811,27.6043,1101.7607,-2.2594,0.8664,0.7547,3.2193,-0.0994,1.0143,3.1753,-0.1784,3.4982,3.1213,-0.0356,1.014,3.2516,-0.1017,3.5654
214.7878,-278.6867,1186.8033,-0.609,-0.8149,0.9096,2.3716,-0.9509,-0.6517,-1.9632,-2.0501,0.7607,2.4296,-1.0065,-0.6435,-2.0107,-1.9773,0.8259
214.7878,-278.6867,1186.8033,-0.609,-0.8149,0.9096,2.4839,-0.9209,-0.6421,-2.0772,-2.0361,0.8338,2.4296,-1.0065,-0.6435,-2.0107,-1.9773,0.8259
214.7878,-278.6867,1186.8033,-0.609,-0.8149,0.9096,2.5106,-0.9082,-0.5744,-2.0523,-1.9996,0.7505,2.4296,-1.0065,-0.6435,-2.0107,-1.9773,0.8259
214.7878,-278.6867,1186.8033,-0.609,-0.8149,0.9096,2.4923,-0.9597,-0.6319,-2.0048,-1.9602,0.8711,2.4296,-1.0065,-0.6435,-2.0107,-1.9773,0.8259
214.7878,-278.6867,1186.8033,-0.609,-0.8149,0.9096,2.3629,-0.9341,-0.6073,-2.063,-2.0371,0.9144,2.4296,-1.0065,-0.6435,-2.0107,-1.9773,0.8259
214.7878,-278.6867,1186.8033,-0.609,-0.8149,0.9096,2.4885,-1.0468,-0.6721,-1.9429,-2.031,0.8413,2.4296,-1.0065,-0.6435,-2.0107,-1.9773,0.8259
214.7878,-278.6867,1186.8033,-0.609,-0.8149,0.9096,2.4448,-1.0076,-0.6991,-2.0744,-1.9879,0.7732,2.4296,-1.0065,-0.6435,-2.0107,-1.9773,0.8259
214.7878,-278.6867,1186.8033,-0.609,-0.8149,0.9096,2.3839,-1.0255,-0.687,-2.001,-2.0039,0.9068,2.4296,-1.0065,-0.6435,-2.0107,-1.9773,0.8259
214.7878,-278.6867,1186.8033,-0.609,-0.8149,0.9096,2.4565,-1.0762,-0.5913,-2.0042,-1.9304,0.9102,2.4296,-1.0065,-0.6435,-2.0107,-1.9773,0.8259
214.7878,-278.6867,1186.8033,-0.609,-0.8149,0.9096,2.3888,-0.9305,-0.5461,-2.109,-2.0151,0.8606,2.4296,-1.0065,-0.6435,-2.0107,-1.9773,0.8259
214.7878,-278.6867,1186.8033,-0.609,-0.8149,0.9096,2.3941,-0.9121,-0.5839,-1.9383,-1.9937,0.8459,2.4296,-1.0065,-0.6435,-2.0107,-1.9773,0.8259
214.7878,-278.6867,1186.8033,-0.609,-0.8149,0.9096,2.3498,-1.0933,-0.5528,-1.987,-2.0077,0.9093,2.4296,-1.0065,-0.6435,-2.0107,-1.9773,0.8259
214.7878,-278.6867,1186.8033,-0.609,-0.8149,0.9096,2.4141,-0.9349,-0.5748,-2.0939,-2.0196,0.9114,2.4296,-1.0065,-0.6435,-2.0107,-1.9773,0.8259
214.7878,-278.6867,1186.8033,-0.609,-0.8149,0.9096,2.5149,-0.9074,-0.6884,-1.9831,-1.9505,0.8679,2.4296,-1.0065,-0.6435,-2.0107,-1.9773,0.8259
214.7878,-278.6867,1186.8033,-0.609,-0.8149,0.9096,2.4607,-0.9874,-0.6946,-1.9169,-1.9838,0.8576,2.4296,-1.0065,-0.6435,-2.0107,-1.9773,0.8259
214.7878,-278.6867,1186.8033,-0.609,-0.8149,0.9096,2.463,-1.0289,-0.738,-2.0095,-1.9707,0.8922,2.4296,-1.0065,-0.6435,-2.0107,-1.9773,0.8259
214.7878,-278.6867,1186.8033,-0.609,-0.8149,0.9096,2.4752,-0.9178,-0.6577,-1.9195,-2.0575,0.754,2.4296,-1.0065,-0.6435,-2.0107,-1.9773,0.8259
214.7878,-278.6867,1186.8033,-0.609,-0.8149,0.9096,2.4296,-0.9886,-0.6166,-1.9867,-1.9271,0.7544,2.4296,-1.0065,-0.6435,-2.0107,-1.9773,0.8259
214.7878,-278.6867,1186.8033,-0.609,-0.8149,0.9096,2.4209,-0.9214,-0.6501,-2.0068,-1.9286,0.8217,2.4296,-1.0065,-0.6435,-2.0107,-1.9773,0.8259
214.7878,-278.6867,1186.8033,-0.609,-0.8149,0.9096,2.3821,-0.965,-0.6247,-2.1037,-1.9813,0.8121,2.4296,-1.0065,-0.6435,-2.0107,-1.9773,0.8259
134.831,-196.5149,1177.9042,-0.9402,-0.1816,-0.3913,2.0054,-0.7925,-0.7277,-0.4537,1.7678,-3.0187,2.0466,-0.7835,-0.8031,-0.3699,1.8112,-3.071
134.831,-196.5149,1177.9042,-0.9402,-0.1816,-0.3913,2.1443,-0.8728,-0.8643,-0.2782,1.8313,-3.1016,2.0466,-0.7835,-0.8031,-0.3699,1.8112,-3.071
134.831,-196.5149,1177.9042,-0.9402,-0.1816,-0.3913,1.9585,-0.8548,-0.8727,-0.2866,1.7198,-3.1339,2.0466,-0.7835,-0.8031,-0.3699,1.8112,-3.071
134.831,-196.5149,1177.9042,-0.9402,-0.1816,-0.3913,2.1193,-0.8756,-0.772,-0.3368,1.8727,-3.1625,2.0466,-0.7835,-0.8031,-0.3699,1.8112,-3.071
134.831,-196.5149,1177.9042,-0.9402,-0.1816,-0.3913,2.0627,-0.8585,-0.8352,-0.3155,1.8242,-3.1452,2.0466,-0.7835,-0.8031,-0.3699,1.8112,-3.071
134.831,-196.5149,1177.9042,-0.9402,-0.1816,-0.3913,2.013,-0.8625,-0.8526,-0.3934,1.7235,-2.9814,2.0466,-0.7835,-0.8031,-0.3699,1.8112,-3.071
134.831,-196.5149,1177.9042,-0.9402,-0.1816,-0.3913,2.0037,-0.7908,-0.7263,-0.3499,1.7116,-3.0337,2.0466,-0.7835,-0.8031,-0.3699,1.8112,-3.071
134.831,-196.5149,1177.9042,-0.9402,-0.1816,-0.3913,2.023,-0.6876,-0.8602,-0.4479,1.7833,-3.1119,2.0466,-0.7835,-0.8031,-0.3699,1.8112,-3.071
134.831,-196.5149,1177.9042,-0.9402,-0.1816,-0.3913,2.0935,-0.7345,-0.7293,-0.4165,1.772,-3.1092,2.0466,-0.7835,-0.8031,-0.3699,1.8112,-3.071
134.831,-196.5149,1177.9042,-0.9402,-0.1816,-0.3913,2.0526,-0.7943,-0.8246,-0.4128,1.8067,-3.0372,2.0466,-0.7835,-0.8031,-0.3699,1.8112,-3.071
134.831,-196.5149,1177.9042,-0.9402,-0.1816,-0.3913,2.0804,-0.686,-0.7957,-0.3837,1.7626,-3.1201,2.0466,-0.7835,-0.8031,-0.3699,1.8112,-3.071
134.831,-196.5149,1177.9042,-0.9402,-0.1816,-0.3913,1.9581,-0.7953,-0.8023,-0.3939,1.8166,-3.0963,2.0466,-0.7835,-0.8031,-0.3699,1.8112,-3.071
134.831,-196.5149,1177.9042,-0.9402,-0.1816,-0.3913,2.0682,-0.8247,-0.8458,-0.2721,1.8351,-2.9954,2.0466,-0.7835,-0.8031,-0.3699,1.8112,-3.071
134.831,-196.5149,1177.9042,-0.9402,-0.1816,-0.3913,2.0106,-0.8815,-0.7069,-0.2725,1.7955,-3.0545,2.0466,-0.7835,-0.8031,-0.3699,1.8112,-3.071
134.831,-196.5149,1177.9042,-0.9402,-0.1816,-0.3913,2.0318,-0.7056,-0.8189,-0.3254,1.8991,-2.993,2.0466,-0.7835,-0.8031,-0.3699,1.8112,-3.071
134.831,-196.5149,1177.9042,-0.9402,-0.1816,-0.3913,1.9951,-0.7287,-0.8167,-0.2752,1.8281,-3.069,2.0466,-0.7835,-0.8031,-0.3699,1.8112,-3.071
134.831,-196.5149,1177.9042,-0.9402,-0.1816,-0.3913,2.0161,-0.6856,-0.841,-0.4682,1.7516,-2.9886,2.0466,-0.7835,-0.8031,-0.3699,1.8112,-3.071
134.831,-196.5149,1177.9042,-0.9402,-0.1816,-0.3913,1.9479,-0.8463,-0.8788,-0.4018,1.767,-3.1307,2.0466,-0.7835,-0.8031,-0.3699,1.8112,-3.071
134.831,-196.5149,1177.9042,-0.9402,-0.1816,-0.3913,2.0302,-0.7832,-0.7823,-0.4048,1.8516,-3.1216,2.0466,-0.7835,-0.8031,-0.3699,1.8112,-3.071
134.831,-196.5149,1177.9042,-0.9402,-0.1816,-0.3913,1.9963,-0.882,-0.8361,-0.2846,1.8326,-3.1594,2.0466,-0.7835,-0.8031,-0.3699,1.8112,-3.071
-119.019,-216.768,1788.7475,1.1205,0.0563,-0.3165,-2.0172,-0.6858,0.196,-0.7319,0.4106,-2.4472,-1.9669,-0.6207,0.1806,-0.735,0.477,-2.5219
-119.019,-216.768,1788.7475,1.1205,0.0563,-0.3165,-2.0116,-0.6252,0.1704,-0.6641,0.4468,-2.516,-1.9669,-0.6207,0.1806,-0.735,0.477,-2.5219
-119.019,-216.768,1788.7475,1.1205,0.0563,-0.3165,-2.0666,-0.6928,0.1192,-0.7509,0.4112,-2.4848,-1.9669,-0.6207,0.1806,-0.735,0.477,-2.5219
-119.019,-216.768,1788.7475,1.1205,0.0563,-0.3165,-1.9189,-0.5827,0.1407,-0.7808,0.5239,-2.5056,-1.9669,-0.6207,0.1806,-0.735,0.477,-2.5219
-119.019,-216.768,1788.7475,1.1205,0.0563,-0.3165,-1.8935,-0.6635,0.1434,-0.8254,0.4655,-2.5892,-1.9669,-0.6207,0.1806,-0.735,0.477,-2.5219
-119.019,-216.768,1788.7475,1.1205,0.0563,-0.3165,-1.8955,-0.7136,0.1135,-0.7778,0.4611,-2.4819,-1.9669,-0.6207,0.1806,-0.735,0.477,-2.5219
-119.019,-216.768,1788.7475,1.1205,0.0563,-0.3165,-1.9498,-0.6023,0.1592,-0.8066,0.4933,-2.5035,-1.9669,-0.6207,0.1806,-0.735,0.477,-2.5219
-119.019,-216.768,1788.7475,1.1205,0.0563,-0.3165,-2.0535,-0.5487,0.1338,-0.7113,0.5596,-2.4229,-1.9669,-0.6207,0.1806,-0.735,0.477,-2.5219
-119.019,-216.768,1788.7475,1.1205,0.0563,-0.3165,-1.9468,-0.6272,0.2661,-0.8068,0.3953,-2.4271,-1.9669,-0.6207,0.1806,-0.735,0.477,-2.5219
-119.019,-216.768,1788.7475,1.1205,0.0563,-0.3165,-2.0505,-0.5334,0.1621,-0.8179,0.5362,-2.5454,-1.9669,-0.6207,0.1806,-0.735,0.477,-2.5219
-119.019,-216.768,1788.7475,1.1205,0.0563,-0.3165,-2.0051,-0.6232,0.0917,-0.6469,0.4368,-2.4484,-1.9669,-0.6207,0.1806,-0.735,0.477,-2.5219
-119.019,-216.768,1788.7475,1.1205,0.0563,-0.3165,-1.8875,-0.6951,0.1424,-0.7306,0.5378,-2.4563,-1.9669,-0.6207,0.1806,-0.735,0.477,-2.5219
-119.019,-216.768,1788.7475,1.1205,0.0563,-0.3165,-2.0492,-0.5353,0.1703,-0.7374,0.4826,-2.494,-1.9669,-0.6207,0.1806,-0.735,0.477,-2.5219
-119.019,-216.768,1788.7475,1.1205,0.0563,-0.3165,-1.9784,-0.6661,0.2711,-0.7222,0.426,-2.5921,-1.9669,-0.6207,0.1806,-0.735,0.477,-2.5219
-119.019,-216.768,1788.7475,1.1205,0.0563,-0.3165,-1.874,-0.5916,0.1464,-0.7613,0.4397,-2.5748,-1.9669,-0.6207,0.1806,-0.735,0.477,-2.5219
-119.019,-216.768,1788.7475,1.1205,0.0563,-0.3165,-2.0549,-0.702,0.2355,-0.755,0.4034,-2.5981,-1.9669,-0.6207,0.1806,-0.735,0.477,-2.5219
-119.019,-216.768,1788.7475,1.1205,0.0563,-0.3165,-1.942,-0.6049,0.1442,-0.6477,0.5287,-2.5729,-1.9669,-0.6207,0.1806,-0.735,0.477,-2.5219
-119.019,-216.768,1788.7475,1.1205,0.0563,-0.3165,-1.9569,-0.5953,0.2272,-0.7808,0.5069,-2.4378,-1.9669,-0.6207,0.1806,-0.735,0.477,-2.5219
-119.019,-216.768,1788.7475,1.1205,0.0563,-0.3165,-1.9048,-0.5796,0.149,-0.7062,0.5666,-2.5433,-1.9669,-0.6207,0.1806,-0.735,0.477,-2.5219
-119.019,-216.768,1788.7475,1.1205,0.0563,-0.3165,-1.8718,-0.6146,0.1708,-0.7856,0.4179,-2.4547,-1.9669,-0.6207,0.1806,-0.735,0.477,-2.5219
-433.6357,-240.8135,1071.7423,1.3879,-1.4089,-0.9203,-2.7026,0.3818,-0.6783,-0.0521,1.8546,3.2196,-2.6253,0.3885,-0.7133,-0.0563,1.7973,3.2528
-433.6357,-240.8135,1071.7423,1.3879,-1.4089,-0.9203,-2.6817,0.3034,-0.7619,-0.0072,1.8796,3.3235,-2.6253,0.3885,-0.7133,-0.0563,1.7973,3.2528
-433.6357,-240.8135,1071.7423,1.3879,-1.4089,-0.9203,-2.5357,0.3444,-0.6582,-0.1059,1.8255,3.1722,-2.6253,0.3885,-0.7133,-0.0563,1.7973,3.2528
-433.6357,-240.8135,1071.7423,1.3879,-1.4089,-0.9203,-2.6437,0.3738,-0.7461,0.0408,1.8119,3.2068,-2.6253,0.3885,-0.7133,-0.0563,1.7973,3.2528
-433.6357,-240.8135,1071.7423,1.3879,-1.4089,-0.9203,-2.5349,0.3695,-0.7036,-0.0,1.7897,3.169,-2.6253,0.3885,-0.7133,-0.0563,1.7973,3.2528
-433.6357,-240.8135,1071.7423,1.3879,-1.4089,-0.9203,-2.6914,0.488,-0.6162,-0.0042,1.7602,3.3139,-2.6253,0.3885,-0.7133,-0.0563,1.7973,3.2528
-433.6357,-240.8135,1071.7423,1.3879,-1.4089,-0.9203,-2.6683,0.459,-0.8005,-0.0046,1.7168,3.3143,-2.6253,0.3885,-0.7133,-0.0563,1.7973,3.2528
-433.6357,-240.8135,1071.7423,1.3879,-1.4089,-0.9203,-2.6498,0.3867,-0.6598,-0.1,1.8726,3.2679,-2.6253,0.3885,-0.7133,-0.0563,1.7973,3.2528
-433.6357,-240.8135,1071.7423,1.3879,-1.4089,-0.9203,-2.6833,0.3027,-0.8048,-0.037,1.8537,3.2157,-2.6253,0.3885,-0.7133,-0.0563,1.7973,3.2528
-433.6357,-240.8135,1071.7423,1.3879,-1.4089,-0.9203,-2.7192,0.3331,-0.7283,-0.1042,1.7484,3.3376,-2.6253,0.3885,-0.7133,-0.0563,1.7973,3.2528
-433.6357,-240.8135,1071.7423,1.3879,-1.4089,-0.9203,-2.6769,0.3104,-0.733,0.0151,1.8565,3.3088,-2.6253,0.3885,-0.7133,-0.0563,1.7973,3.2528
-433.6357,-240.8135,1071.7423,1.3879,-1.4089,-0.9203,-2.6105,0.3163,-0.6429,0.0331,1.7844,3.3165,-2.6253,0.3885,-0.7133,-0.0563,1.7973,3.2528
-433.6357,-240.8135,1071.7423,1.3879,-1.4089,-0.9203,-2.5643,0.445,-0.7252,0.0014,1.7199,3.3022,-2.6253,0.3885,-0.7133,-0.0563,1.7973,3.2528
-433.6357,-240.8135,1071.7423,1.3879,-1.4089,-0.9203,-2.631,0.3232,-0.6955,-0.1293,1.8896,3.1937,-2.6253,0.3885,-0.7133,-0.0563,1.7973,3.2528
-433.6357,-240.8135,1071.7423,1.3879,-1.4089,-0.9203,-2.6747,0.4501,-0.7993,-0.1279,1.7477,3.1665,-2.6253,0.3885,-0.7133,-0.0563,1.7973,3.2528
-433.6357,-240.8135,1071.7423,1.3879,-1.4089,-0.9203,-2.5842,0.3708,-0.6883,0.028,1.8446,3.2568,-2.6253,0.3885,-0.7133,-0.0563,1.7973,3.2528
-433.6357,-240.8135,1071.7423,1.3879,-1.4089,-0.9203,-2.5424,0.3265,-0.7425,0.0088,1.725,3.2413,-2.6253,0.3885,-0.7133,-0.0563,1.7973,3.2528
-433.6357,-240.8135,1071.7423,1.3879,-1.4089,-0.9203,-2.5495,0.3408,-0.7527,-0.0636,1.7995,3.3446,-2.6253,0.3885,-0.7133,-0.0563,1.7973,3.2528
-433.6357,-240.8135,1071.7423,1.3879,-1.4089,-0.9203,-2.6339,0.3156,-0.724,0.0315,1.8196,3.2297,-2.6253,0.3885,-0.7133,-0.0563,1.7973,3.2528
-433.6357,-240.8135,1071.7423,1.3879,-1.4089,-0.9203,-2.6825,0.4869,-0.7885,-0.0339,1.8119,3.234,-2.6253,0.3885,-0.7133,-0.0563,1.7973,3.2528
1239.1786,-529.6456,910.3952,0.8825,-0.984,0.6724,-0.4495,0.1616,0.7454,1.4083,-1.0499,0.7215,-0.3521,0.2303,0.7513,1.3866,-0.9873,0.7431
1239.1786,-529.6456,910.3952,0.8825,-0.984,0.6724,-0.2897,0.2891,0.715,1.3536,-1.0137,0.7725,-0.3521,0.2303,0.7513,1.3866,-0.9873,0.7431
1239.1786,-529.6456,910.3952,0.8825,-0.984,0.6724,-0.3689,0.2515,0.6743,1.4587,-1.0705,0.8205,-0.3521,0.2303,0.7513,1.3866,-0.9873,0.7431
1239.1786,-529.6456,910.3952,0.8825,-0.984,0.6724,-0.3582,0.2106,0.8133,1.3066,-0.9663,0.671,-0.3521,0.2303,0.7513,1.3866,-0.9873,0.7431
1239.1786,-529.6456,910.3952,0.8825,-0.984,0.6724,-0.2543,0.1813,0.7998,1.3179,-1.0781,0.8217,-0.3521,0.2303,0.7513,1.3866,-0.9873,0.7431
1239.1786,-529.6456,910.3952,0.8825,-0.984,0.6724,-0.3144,0.1791,0.7966,1.3434,-1.0158,0.7427,-0.3521,0.2303,0.7513,1.3866,-0.9873,0.7431
1239.1786,-529.6456,910.3952,0.8825,-0.984,0.6724,-0.2596,0.2995,0.8296,1.4659,-1.078,0.741,-0.3521,0.2303,0.7513,1.3866,-0.9873,0.7431
1239.1786,-529.6456,910.3952,0.8825,-0.984,0.6724,-0.4191,0.2519,0.7454,1.4348,-0.9852,0.6997,-0.3521,0.2303,0.7513,1.3866,-0.9873,0.7431
1239.1786,-529.6456,910.3952,0.8825,-0.984,0.6724,-0.2909,0.2944,0.744,1.4032,-0.9393,0.7423,-0.3521,0.2303,0.7513,1.3866,-0.9873,0.7431
1239.1786,-529.6456,910.3952,0.8825,-0.984,0.6724,-0.2565,0.2505,0.7794,1.3279,-0.9049,0.7076,-0.3521,0.2303,0.7513,1.3866,-0.9873,0.7431
1239.1786,-529.6456,910.3952,0.8825,-0.984,0.6724,-0.3454,0.2853,0.7045,1.3215,-0.9684,0.8395,-0.3521,0.2303,0.7513,1.3866,-0.9873,0.7431
1239.1786,-529.6456,910.3952,0.8825,-0.984,0.6724,-0.3792,0.2779,0.7946,1.3311,-1.015,0.7953,-0.3521,0.2303,0.7513,1.3866,-0.9873,0.7431
1239.1786,-529.6456,910.3952,0.8825,-0.984,0.6724,-0.3983,0.1896,0.8077,1.3228,-1.0348,0.828,-0.3521,0.2303,0.7513,1.3866,-0.9873,0.7431
1239.1786,-529.6456,910.3952,0.8825,-0.984,0.6724,-0.3052,0.2038,0.7071,1.4415,-0.9192,0.7854,-0.3521,0.2303,0.7513,1.3866,-0.9873,0.7431
1239.1786,-529.6456,910.3952,0.8825,-0.984,0.6724,-0.3664,0.1594,0.7409,1.4738,-1.049,0.6825,-0.3521,0.2303,0.7513,1.3866,-0.9873,0.7431
1239.1786,-529.6456,910.3952,0.8825,-0.984,0.6724,-0.3999,0.297,0.7143,1.4362,-0.9198,0.7179,-0.3521,0.2303,0.7513,1.3866,-0.9873,0.7431
1239.1786,-529.6456,910.3952,0.8825,-0.984,0.6724,-0.2814,0.2893,0.7951,1.3762,-0.9509,0.6992,-0.3521,0.2303,0.7513,1.3866,-0.9873,0.7431
1239.1786,-529.6456,910.3952,0.8825,-0.984,0.6724,-0.3386,0.2348,0.7359,1.339,-1.0693,0.7447,-0.3521,0.2303,0.7513,1.3866,-0.9873,0.7431
1239.1786,-529.6456,910.3952,0.8825,-0.984,0.6724,-0.2963,0.2686,0.7402,1.4711,-1.0125,0.7012,-0.3521,0.2303,0.7513,1.3866,-0.9873,0.7431
1239.1786,-529.6456,910.3952,0.8825,-0.984,0.6724,-0.3025,0.2148,0.6745,1.4483,-0.9774,0.6929,-0.3521,0.2303,0.7513,1.3866,-0.9873,0.7431
-1323.5573,-615.4557,851.9603,1.9439,0.1979,-1.0297,-2.6801,0.1564,1.0836,0.8991,-0.2462,3.9207,-2.6969,0.1565,1.0001,0.9298,-0.2039,3.926
-1323.5573,-615.4557,851.9603,1.9439,0.1979,-1.0297,-2.6661,0.2359,0.9796,0.9751,-0.1374,3.8976,-2.6969,0.1565,1.0001,0.9298,-0.2039,3.926
-1323.5573,-615.4557,851.9603,1.9439,0.1979,-1.0297,-2.662,0.1988,1.026,0.9164,-0.2198,3.8802,-2.6969,0.1565,1.0001,0.9298,-0.2039,3.926
-1323.5573,-615.4557,851.9603,1.9439,0.1979,-1.0297,-2.6795,0.1815,1.0382,0.9572,-0.1918,3.9433,-2.6969,0.1565,1.0001,0.9298,-0.2039,3.926
-1323.5573,-615.4557,851.9603,1.9439,0.1979,-1.0297,-2.761,0.064,1.0904,0.9557,-0.104,4.0204,-2.6969,0.1565,1.0001,0.9298,-0.2039,3.926
-1323.5573,-615.4557,851.9603,1.9439,0.1979,-1.0297,-2.6221,0.1856,1.0202,0.9145,-0.1774,3.9111,-2.6969,0.1565,1.0001,0.9298,-0.2039,3.926
-1323.5573,-615.4557,851.9603,1.9439,0.1979,-1.0297,-2.7095,0.1699,0.9101,0.8374,-0.1487,3.9812,-2.6969,0.1565,1.0001,0.9298,-0.2039,3.926
-1323.5573,-615.4557,851.9603,1.9439,0.1979,-1.0297,-2.6271,0.2432,0.9227,0.8703,-0.2039,3.8404,-2.6969,0.1565,1.0001,0.9298,-0.2039,3.926
-1323.5573,-615.4557,851.9603,1.9439,0.1979,-1.0297,-2.6038,0.1992,0.9202,1.016,-0.2921,3.9639,-2.6969,0.1565,1.0001,0.9298,-0.2039,3.926
-1323.5573,-615.4557,851.9603,1.9439,0.1979,-1.0297,-2.7195,0.1825,0.9517,0.8921,-0.2774,3.942,-2.6969,0.1565,1.0001,0.9298,-0.2039,3.926
-1323.5573,-615.4557,851.9603,1.9439,0.1979,-1.0297,-2.6484,0.2031,0.9199,0.9696,-0.2774,3.9446,-2.6969,0.1565,1.0001,0.9298,-0.2039,3.926
-1323.5573,-615.4557,851.9603,1.9439,0.1979,-1.0297,-2.7306,0.0798,1.054,0.8907,-0.2316,3.9312,-2.6969,0.1565,1.0001,0.9298,-0.2039,3.926
-1323.5573,-615.4557,851.9603,1.9439,0.1979,-1.0297,-2.7032,0.2308,1.0001,0.8696,-0.1555,3.959,-2.6969,0.1565,1.0001,0.9298,-0.2039,3.926
-1323.5573,-615.4557,851.9603,1.9439,0.1979,-1.0297,-2.6413,0.1667,1.0551,0.9248,-0.1333,3.9436,-2.6969,0.1565,1.0001,0.9298,-0.2039,3.926
-1323.5573,-615.4557,851.9603,1.9439,0.1979,-1.0297,-2.7334,0.1518,1.0767,0.8599,-0.1467,3.9635,-2.6969,0.1565,1.0001,0.9298,-0.2039,3.926
-1323.5573,-615.4557,851.9603,1.9439,0.1979,-1.0297,-2.7451,0.1554,1.0071,0.9081,-0.1369,3.8764,-2.6969,0.1565,1.0001,0.9298,-0.2039,3.926
-1323.5573,-615.4557,851.9603,1.9439,0.1979,-1.0297,-2.7826,0.0936,0.9465,0.9806,-0.1885,3.993,-2.6969,0.1565,1.0001,0.9298,-0.2039,3.926
-1323.5573,-615.4557,851.9603,1.9439,0.1979,-1.0297,-2.6186,0.1427,0.9629,0.8358,-0.1249,3.8701,-2.6969,0.1565,1.0001,0.9298,-0.2039,3.926
-1323.5573,-615.4557,851.9603,1.9439,0.1979,-1.0297,-2.6484,0.2144,0.9308,0.9879,-0.2426,4.0102,-2.6969,0.1565,1.0001,0.9298,-0.2039,3.926
-1323.5573,-615.4557,851.9603,1.9439,0.1979,-1.0297,-2.6598,0.0947,1.0245,0.9185,-0.2697,3.8378,-2.6969,0.1565,1.0001,0.9298,-0.2039,3.926
-1187.1107,-306.3919,727.4718,-2.2834,0.1099,0.0661,-2.9786,0.5507,0.3767,3.1646,0.9389,-2.6085,-2.8896,0.5872,0.3957,3.1309,0.855,-2.5325
-1187.1107,-306.3919,727.4718,-2.2834,0.1099,0.0661,-2.9348,0.6387,0.475,3.0688,0.8065,-2.4329,-2.8896,0.5872,0.3957,3.1309,0.855,-2.5325
-1187.1107,-306.3919,727.4718,-2.2834,0.1099,0.0661,-2.9666,0.5469,0.4718,3.1707,0.8756,-2.5173,-2.8896,0.5872,0.3957,3.1309,0.855,-2.5325
-1187.1107,-306.3919,727.4718,-2.2834,0.1099,0.0661,-2.8363,0.6491,0.4638,3.2239,0.7687,-2.4766,-2.8896,0.5872,0.3957,3.1309,0.855,-2.5325
-1187.1107,-306.3919,727.4718,-2.2834,0.1099,0.0661,-2.9476,0.4933,0.3263,3.0441,0.9465,-2.4787,-2.8896,0.5872,0.3957,3.1309,0.855,-2.5325
-1187.1107,-306.3919,727.4718,-2.2834,0.1099,0.0661,-2.9079,0.4937,0.358,3.1849,0.8832,-2.5793,-2.8896,0.5872,0.3957,3.1309,0.855,-2.5325
-1187.1107,-306.3919,727.4718,-2.2834,0.1099,0.0661,-2.8654,0.5844,0.4769,3.1091,0.8446,-2.5138,-2.8896,0.5872,0.3957,3.1309,0.855,-2.5325
-1187.1107,-306.3919,727.4718,-2.2834,0.1099,0.0661,-2.921,0.6745,0.3301,3.1729,0.7872,-2.6038,-2.8896,0.5872,0.3957,3.1309,0.855,-2.5325
-1187.1107,-306.3919,727.4718,-2.2834,0.1099,0.0661,-2.9726,0.6272,0.3214,3.1386,0.8821,-2.5959,-2.8896,0.5872,0.3957,3.1309,0.855,-2.5325
-1187.1107,-306.3919,727.4718,-2.2834,0.1099,0.0661,-2.838,0.6319,0.328,3.1257,0.9489,-2.5877,-2.8896,0.5872,0.3957,3.1309,0.855,-2.5325
-1187.1107,-306.3919,727.4718,-2.2834,0.1099,0.0661,-2.8095,0.6542,0.3109,3.1157,0.9434,-2.5674,-2.8896,0.5872,0.3957,3.1309,0.855,-2.5325
-1187.1107,-306.3919,727.4718,-2.2834,0.1099,0.0661,-2.9355,0.5933,0.4534,3.0542,0.8737,-2.4506,-2.8896,0.5872,0.3957,3.1309,0.855,-2.5325
-1187.1107,-306.3919,727.4718,-2.2834,0.1099,0.0661,-2.9667,0.5616,0.492,3.11,0.8512,-2.5828,-2.8896,0.5872,0.3957,3.1309,0.855,-2.5325
-1187.1107,-306.3919,727.4718,-2.2834,0.1099,0.0661,-2.9725,0.6076,0.4415,3.0961,0.9281,-2.4995,-2.8896,0.5872,0.3957,3.1309,0.855,-2.5325
-1187.1107,-306.3919,727.4718,-2.2834,0.1099,0.0661,-2.8899,0.5967,0.4317,3.0368,0.9298,-2.6196,-2.8896,0.5872,0.3957,3.1309,0.855,-2.5325
-1187.1107,-306.3919,727.4718,-2.2834,0.1099,0.0661,-2.823,0.6673,0.2991,3.1334,0.8043,-2.6072,-2.8896,0.5872,0.3957,3.1309,0.855,-2.5325
-1187.1107,-306.3919,727.4718,-2.2834,0.1099,0.0661,-2.8876,0.5495,0.2977,3.227,0.7941,-2.4837,-2.8896,0.5872,0.3957,3.1309,0.855,-2.5325
-1187.1107,-306.3919,727.4718,-2.2834,0.1099,0.0661,-2.8734,0.6119,0.4602,3.1651,0.7965,-2.4685,-2.8896,0.5872,0.3957,3.1309,0.855,-2.5325
-1187.1107,-306.3919,727.4718,-2.2834,0.1099,0.0661,-2.9653,0.5125,0.312,3.0432,0.8092,-2.5436,-2.8896,0.5872,0.3957,3.1309,0.855,-2.5325
-1187.1107,-306.3919,727.4718,-2.2834,0.1099,0.0661,-2.8835,0.6319,0.4654,3.2208,0.8206,-2.5455,-2.8896,0.5872,0.3957,3.1309,0.855,-2.5325
-1289.4311,-271.1292,1179.1777,0.0967,0.0067,0.8863,-2.9783,-0.0293,1.0926,2.0763,1.0711,6.7085,-2.9843,-0.094,1.0357,2.1318,1.1521,6.7617
-1289.4311,-271.1292,1179.1777,0.0967,0.0067,0.8863,-2.9752,-0.1001,0.9414,2.187,1.0851,6.7669,-2.9843,-0.094,1.0357,2.1318,1.1521,6.7617
-1289.4311,-271.1292,1179.1777,0.0967,0.0067,0.8863,-2.938,-0.1912,0.9534,2.2133,1.0789,6.8052,-2.9843,-0.094,1.0357,2.1318,1.1521,6.7617
-1289.4311,-271.1292,1179.1777,0.0967,0.0067,0.8863,-2.9518,-0.0506,1.1202,2.1856,1.2042,6.8001,-2.9843,-0.094,1.0357,2.1318,1.1521,6.7617
-1289.4311,-271.1292,1179.1777,0.0967,0.0067,0.8863,-2.998,0.0038,1.005,2.1558,1.1652,6.7834,-2.9843,-0.094,1.0357,2.1318,1.1521,6.7617
-1289.4311,-271.1292,1179.1777,0.0967,0.0067,0.8863,-2.9091,-0.1705,0.9966,2.1833,1.1982,6.7277,-2.9843,-0.094,1.0357,2.1318,1.1521,6.7617
-1289.4311,-271.1292,1179.1777,0.0967,0.0067,0.8863,-2.9,-0.1642,0.9421,2.1447,1.1055,6.6945,-2.9843,-0.094,1.0357,2.1318,1.1521,6.7617
-1289.4311,-271.1292,1179.1777,0.0967,0.0067,0.8863,-3.053,0.0044,0.9832,2.1173,1.0958,6.8034,-2.9843,-0.094,1.0357,2.1318,1.1521,6.7617
-1289.4311,-271.1292,1179.1777,0.0967,0.0067,0.8863,-2.9127,-0.0177,1.0103,2.0655,1.1928,6.8575,-2.9843,-0.094,1.0357,2.1318,1.1521,6.7617
-1289.4311,-271.1292,1179.1777,0.0967,0.0067,0.8863,-3.0442,-0.0487,0.9588,2.1461,1.1013,6.718,-2.9843,-0.094,1.0357,2.1318,1.1521,6.7617
-1289.4311,-271.1292,1179.1777,0.0967,0.0067,0.8863,-3.0812,-0.1752,0.9959,2.0579,1.1933,6.7999,-2.9843,-0.094,1.0357,2.1318,1.1521,6.7617
-1289.4311,-271.1292,1179.1777,0.0967,0.0067,0.8863,-3.0399,-0.1097,0.9435,2.2138,1.2036,6.7022,-2.9843,-0.094,1.0357,2.1318,1.1521,6.7617
-1289.4311,-271.1292,1179.1777,0.0967,0.0067,0.8863,-3.0162,-0.0316,1.1289,2.042,1.1277,6.677,-2.9843,-0.094,1.0357,2.1318,1.1521,6.7617
-1289.4311,-271.1292,1179.1777,0.0967,0.0067,0.8863,-2.9915,-0.1678,0.9613,2.0346,1.1619,6.6938,-2.9843,-0.094,1.0357,2.1318,1.1521,6.7617
-1289.4311,-271.1292,1179.1777,0.0967,0.0067,0.8863,-2.9571,-0.1889,1.0233,2.2123,1.0628,6.6846,-2.9843,-0.094,1.0357,2.1318,1.1521,6.7617
-1289.4311,-271.1292,1179.1777,0.0967,0.0067,0.8863,-2.9287,-0.0798,1.06,2.1019,1.2228,6.8214,-2.9843,-0.094,1.0357,2.1318,1.1521,6.7617
-1289.4311,-271.1292,1179.1777,0.0967,0.0067,0.8863,-3.082,-0.0114,1.1266,2.1214,1.0534,6.7582,-2.9843,-0.094,1.0357,2.1318,1.1521,6.7617
-1289.4311,-271.1292,1179.1777,0.0967,0.0067,0.8863,-2.8865,-0.1733,1.0893,2.1443,1.1484,6.7536,-2.9843,-0.094,1.0357,2.1318,1.1521,6.7617
-1289.4311,-271.1292,1179.1777,0.0967,0.0067,0.8863,-2.9503,-0.0239,1.0608,2.1,1.2384,6.8536,-2.9843,-0.094,1.0357,2.1318,1.1521,6.7617
-1289.4311,-271.1292,1179.1777,0.0967,0.0067,0.8863,-2.9503,-0.0708,1.1254,2.1786,1.1599,6.755,-2.9843,-0.094,1.0357,2.1318,1.1521,6.7617
-393.9887,40.7316,1251.4589,-2.1099,-1.1742,-3.0377,-0.4004,-1.0107,-0.5007,-2.0003,1.5052,1.6675,-0.3009,-1.0131,-0.4636,-1.9765,1.4916,1.7497
-393.9887,40.7316,1251.4589,-2.1099,-1.1742,-3.0377,-0.2823,-0.9575,-0.5586,-2.0518,1.5879,1.6623,-0.3009,-1.0131,-0.4636,-1.9765,1.4916,1.7497
-393.9887,40.7316,1251.4589,-2.1099,-1.1742,-3.0377,-0.3983,-0.9547,-0.3691,-2.0372,1.4034,1.6982,-0.3009,-1.0131,-0.4636,-1.9765,1.4916,1.7497
-393.9887,40.7316,1251.4589,-2.1099,-1.1742,-3.0377,-0.2082,-0.9687,-0.4479,-1.9854,1.428,1.8296,-0.3009,-1.0131,-0.4636,-1.9765,1.4916,1.7497
-393.9887,40.7316,1251.4589,-2.1099,-1.1742,-3.0377,-0.2401,-0.9418,-0.3909,-2.0758,1.5085,1.7863,-0.3009,-1.0131,-0.4636,-1.9765,1.4916,1.7497
-393.9887,40.7316,1251.4589,-2.1099,-1.1742,-3.0377,-0.3273,-1.041,-0.4763,-1.9658,1.4352,1.7835,-0.3009,-1.0131,-0.4636,-1.9765,1.4916,1.7497
-393.9887,40.7316,1251.4589,-2.1099,-1.1742,-3.0377,-0.2164,-0.9365,-0.5243,-1.9061,1.5871,1.798,-0.3009,-1.0131,-0.4636,-1.9765,1.4916,1.7497
-393.9887,40.7316,1251.4589,-2.1099,-1.1742,-3.0377,-0.2812,-0.9737,-0.537,-1.9019,1.4378,1.7986,-0.3009,-1.0131,-0.4636,-1.9765,1.4916,1.7497
-393.9887,40.7316,1251.4589,-2.1099,-1.1742,-3.0377,-0.2391,-0.992,-0.4822,-1.9099,1.3941,1.7512,-0.3009,-1.0131,-0.4636,-1.9765,1.4916,1.7497
-393.9887,40.7316,1251.4589,-2.1099,-1.1742,-3.0377,-0.3802,-0.9285,-0.4375,-1.9713,1.5909,1.7323,-0.3009,-1.0131,-0.4636,-1.9765,1.4916,1.7497
-393.9887,40.7316,1251.4589,-2.1099,-1.1742,-3.0377,-0.3242,-0.9397,-0.5182,-2.0232,1.4347,1.8331,-0.3009,-1.0131,-0.4636,-1.9765,1.4916,1.7497
-393.9887,40.7316,1251.4589,-2.1099,-1.1742,-3.0377,-0.3788,-0.9938,-0.3963,-2.0756,1.4412,1.7767,-0.3009,-1.0131,-0.4636,-1.9765,1.4916,1.7497
-393.9887,40.7316,1251.4589,-2.1099,-1.1742,-3.0377,-0.2473,-0.9478,-0.4531,-1.9998,1.4232,1.8078,-0.3009,-1.0131,-0.4636,-1.9765,1.4916,1.7497
-393.9887,40.7316,1251.4589,-2.1099,-1.1742,-3.0377,-0.3031,-1.1017,-0.4741,-1.8768,1.4026,1.7495,-0.3009,-1.0131,-0.4636,-1.9765,1.4916,1.7497
-393.9887,40.7316,1251.4589,-2.1099,-1.1742,-3.0377,-0.2491,-1.0693,-0.4159,-1.8877,1.4124,1.6991,-0.3009,-1.0131,-0.4636,-1.9765,1.4916,1.7497
-393.9887,40.7316,1251.4589,-2.1099,-1.1742,-3.0377,-0.3984,-1.003,-0.5504,-2.0265,1.4365,1.7889,-0.3009,-1.0131,-0.4636,-1.9765,1.4916,1.7497
-393.9887,40.7316,1251.4589,-2.1099,-1.1742,-3.0377,-0.3424,-1.0639,-0.452,-1.8909,1.5267,1.8301,-0.3009,-1.0131,-0.4636,-1.9765,1.4916,1.7497
-393.9887,40.7316,1251.4589,-2.1099,-1.1742,-3.0377,-0.3835,-1.0021,-0.5414,-1.927,1.4579,1.8079,-0.3009,-1.0131,-0.4636,-1.9765,1.4916,1.7497
-393.9887,40.7316,1251.4589,-2.1099,-1.1742,-3.0377,-0.3508,-0.9809,-0.507,-2.0407,1.4349,1.6621,-0.3009,-1.0131,-0.4636,-1.9765,1.4916,1.7497
-393.9887,40.7316,1251.4589,-2.1099,-1.1742,-3.0377,-0.3208,-1.0534,-0.387,-1.9433,1.5105,1.6572,-0.3009,-1.0131,-0.4636,-1.9765,1.4916,1.7497
118.0074,-189.7447,1923.0833,1.5854,0.4137,2.4559,1.8795,-1.3585,0.9726,-2.5415,1.9523,-5.5674,1.9417,-1.3533,0.9036,-2.5793,1.9992,-5.6533
118.0074,-189.7447,1923.0833,1.5854,0.4137,2.4559,2.0219,-1.4499,0.8911,-2.4995,2.0663,-5.7431,1.9417,-1.3533,0.9036,-2.5793,1.9992,-5.6533
118.0074,-189.7447,1923.0833,1.5854,0.4137,2.4559,1.8519,-1.2615,0.9461,-2.4926,1.9703,-5.6812,1.9417,-1.3533,0.9036,-2.5793,1.9992,-5.6533
118.0074,-189.7447,1923.0833,1.5854,0.4137,2.4559,2.0175,-1.4513,0.8451,-2.6234,2.0701,-5.6067,1.9417,-1.3533,0.9036,-2.5793,1.9992,-5.6533
118.0074,-189.7447,1923.0833,1.5854,0.4137,2.4559,1.9226,-1.3958,0.8545,-2.536,1.9259,-5.604,1.9417,-1.3533,0.9036,-2.5793,1.9992,-5.6533
118.0074,-189.7447,1923.0833,1.5854,0.4137,2.4559,1.9818,-1.2768,0.8389,-2.6087,2.0415,-5.6643,1.9417,-1.3533,0.9036,-2.5793,1.9992,-5.6533
118.0074,-189.7447,1923.0833,1.5854,0.4137,2.4559,1.9177,-1.3958,0.9047,-2.5861,2.0803,-5.6798,1.9417,-1.3533,0.9036,-2.5793,1.9992,-5.6533
118.0074,-189.7447,1923.0833,1.5854,0.4137,2.4559,1.8477,-1.4476,0.9178,-2.5222,2.0586,-5.6702,1.9417,-1.3533,0.9036,-2.5793,1.9992,-5.6533
118.0074,-189.7447,1923.0833,1.5854,0.4137,2.4559,2.0233,-1.2628,0.9989,-2.5602,1.9602,-5.6618,1.9417,-1.3533,0.9036,-2.5793,1.9992,-5.6533
118.0074,-189.7447,1923.0833,1.5854,0.4137,2.4559,1.9621,-1.3444,0.9092,-2.6319,1.9503,-5.5628,1.9417,-1.3533,0.9036,-2.5793,1.9992,-5.6533
118.0074,-189.7447,1923.0833,1.5854,0.4137,2.4559,1.8947,-1.2997,0.8803,-2.4843,1.9005,-5.7245,1.9417,-1.3533,0.9036,-2.5793,1.9992,-5.6533
118.0074,-189.7447,1923.0833,1.5854,0.4137,2.4559,2.0098,-1.3755,0.8222,-2.6185,2.0847,-5.6898,1.9417,-1.3533,0.9036,-2.5793,1.9992,-5.6533
118.0074,-189.7447,1923.0833,1.5854,0.4137,2.4559,2.032,-1.4066,0.8178,-2.4961,1.9108,-5.7111,1.9417,-1.3533,0.9036,-2.5793,1.9992,-5.6533
118.0074,-189.7447,1923.0833,1.5854,0.4137,2.4559,1.9591,-1.3384,0.915,-2.4993,1.9854,-5.5816,1.9417,-1.3533,0.9036,-2.5793,1.9992,-5.6533
118.0074,-189.7447,1923.0833,1.5854,0.4137,2.4559,1.8962,-1.4187,0.8861,-2.497,1.9094,-5.5994,1.9417,-1.3533,0.9036,-2.5793,1.9992,-5.6533
118.0074,-189.7447,1923.0833,1.5854,0.4137,2.4559,1.9545,-1.2785,0.8687,-2.5718,2.0336,-5.7525,1.9417,-1.3533,0.9036,-2.5793,1.9992,-5.6533
118.0074,-189.7447,1923.0833,1.5854,0.4137,2.4559,1.8924,-1.3129,0.947,-2.5464,2.0464,-5.5962,1.9417,-1.3533,0.9036,-2.5793,1.9992,-5.6533
118.0074,-189.7447,1923.0833,1.5854,0.4137,2.4559,1.8633,-1.259,0.8054,-2.5645,2.0932,-5.727,1.9417,-1.3533,0.9036,-2.5793,1.9992,-5.6533
118.0074,-189.7447,1923.0833,1.5854,0.4137,2.4559,2.0175,-1.4188,0.9633,-2.6301,2.0513,-5.6944,1.9417,-1.3533,0.9036,-2.5793,1.9992,-5.6533
118.0074,-189.7447,1923.0833,1.5854,0.4137,2.4559,1.9524,-1.3473,1.0035,-2.5733,2.0704,-5.653,1.9417,-1.3533,0.9036,-2.5793,1.9992,-5.6533
432.068,981.2725,764.5889,1.5735,0.4526,0.2339,1.0963,0.7441,0.0139,0.19,-0.1786,6.5386,1.1593,0.7459,0.0018,0.1686,-0.2468,6.4903
432.068,981.2725,764.5889,1.5735,0.4526,0.2339,1.1525,0.7341,-0.0391,0.071,-0.299,6.3915,1.1593,0.7459,0.0018,0.1686,-0.2468,6.4903
432.068,981.2725,764.5889,1.5735,0.4526,0.2339,1.1857,0.8311,-0.0942,0.0758,-0.1696,6.5159,1.1593,0.7459,0.0018,0.1686,-0.2468,6.4903
432.068,981.2725,764.5889,1.5735,0.4526,0.2339,1.0663,0.7065,-0.0562,0.1848,-0.2509,6.4126,1.1593,0.7459,0.0018,0.1686,-0.2468,6.4903
432.068,981.2725,764.5889,1.5735,0.4526,0.2339,1.2031,0.7374,-0.0002,0.1739,-0.3266,6.4009,1.1593,0.7459,0.0018,0.1686,-0.2468,6.4903
432.068,981.2725,764.5889,1.5735,0.4526,0.2339,1.1751,0.7211,0.0874,0.0982,-0.2709,6.5121,1.1593,0.7459,0.0018,0.1686,-0.2468,6.4903
432.068,981.2725,764.5889,1.5735,0.4526,0.2339,1.0612,0.8418,-0.063,0.109,-0.2471,6.5762,1.1593,0.7459,0.0018,0.1686,-0.2468,6.4903
432.068,981.2725,764.5889,1.5735,0.4526,0.2339,1.1596,0.6708,-0.0531,0.1102,-0.1733,6.4019,1.1593,0.7459,0.0018,0.1686,-0.2468,6.4903
432.068,981.2725,764.5889,1.5735,0.4526,0.2339,1.1933,0.6848,-0.0503,0.2505,-0.3079,6.4966,1.1593,0.7459,0.0018,0.1686,-0.2468,6.4903
432.068,981.2725,764.5889,1.5735,0.4526,0.2339,1.2102,0.7608,0.0045,0.1589,-0.1871,6.5854,1.1593,0.7459,0.0018,0.1686,-0.2468,6.4903
432.068,981.2725,764.5889,1.5735,0.4526,0.2339,1.2201,0.8059,0.0716,0.164,-0.3246,6.5462,1.1593,0.7459,0.0018,0.1686,-0.2468,6.4903
432.068,981.2725,764.5889,1.5735,0.4526,0.2339,1.2503,0.7693,-0.0429,0.2116,-0.2453,6.5219,1.1593,0.7459,0.0018,0.1686,-0.2468,6.4903
432.068,981.2725,764.5889,1.5735,0.4526,0.2339,1.0832,0.8015,-0.0406,0.2662,-0.3312,6.4952,1.1593,0.7459,0.0018,0.1686,-0.2468,6.4903
432.068,981.2725,764.5889,1.5735,0.4526,0.2339,1.1535,0.7308,-0.0774,0.1853,-0.227,6.5428,1.1593,0.7459,0.0018,0.1686,-0.2468,6.4903
432.068,981.2725,764.5889,1.5735,0.4526,0.2339,1.1755,0.6903,-0.0181,0.2391,-0.2645,6.4754,1.1593,0.7459,0.0018,0.1686,-0.2468,6.4903
432.068,981.2725,764.5889,1.5735,0.4526,0.2339,1.1323,0.7545,-0.0808,0.2545,-0.2222,6.5543,1.1593,0.7459,0.0018,0.1686,-0.2468,6.4903
432.068,981.2725,764.5889,1.5735,0.4526,0.2339,1.0902,0.6603,0.0206,0.2624,-0.3445,6.55,1.1593,0.7459,0.0018,0.1686,-0.2468,6.4903
432.068,981.2725,764.5889,1.5735,0.4526,0.2339,1.1567,0.7576,0.0911,0.2227,-0.1795,6.4767,1.1593,0.7459,0.0018,0.1686,-0.2468,6.4903
432.068,981.2725,764.5889,1.5735,0.4526,0.2339,1.186,0.8224,-0.0857,0.2018,-0.3431,6.4519,1.1593,0.7459,0.0018,0.1686,-0.2468,6.4903
432.068,981.2725,764.5889,1.5735,0.4526,0.2339,1.1584,0.8216,0.0649,0.1013,-0.2667,6.4648,1.1593,0.7459,0.0018,0.1686,-0.2468,6.4903
376.874,199.4612,901.2339,0.8595,-1.4574,2.5914,-2.6215,-1.0008,-0.9097,0.5018,0.36,-6.8536,-2.6106,-1.0701,-0.9443,0.5923,0.4082,-6.8739
376.874,199.4612,901.2339,0.8595,-1.4574,2.5914,-2.5829,-1.0617,-0.8443,0.6714,0.3491,-6.794,-2.6106,-1.0701,-0.9443,0.5923,0.4082,-6.8739
376.874,199.4612,901.2339,0.8595,-1.4574,2.5914,-2.5874,-1.0842,-0.9897,0.5286,0.3526,-6.8466,-2.6106,-1.0701,-0.9443,0.5923,0.4082,-6.8739
376.874,199.4612,901.2339,0.8595,-1.4574,2.5914,-2.6075,-1.0509,-1.0058,0.5844,0.3417,-6.955,-2.6106,-1.0701,-0.9443,0.5923,0.4082,-6.8739
376.874,199.4612,901.2339,0.8595,-1.4574,2.5914,-2.6213,-1.1684,-0.8758,0.5328,0.3196,-6.9209,-2.6106,-1.0701,-0.9443,0.5923,0.4082,-6.8739
376.874,199.4612,901.2339,0.8595,-1.4574,2.5914,-2.6896,-1.1625,-0.913,0.5634,0.3375,-6.8904,-2.6106,-1.0701,-0.9443,0.5923,0.4082,-6.8739
376.874,199.4612,901.2339,0.8595,-1.4574,2.5914,-2.627,-1.1037,-0.8823,0.6791,0.4857,-6.7947,-2.6106,-1.0701,-0.9443,0.5923,0.4082,-6.8739
376.874,199.4612,901.2339,0.8595,-1.4574,2.5914,-2.6738,-1.1461,-1.0265,0.6635,0.3272,-6.9002,-2.6106,-1.0701,-0.9443,0.5923,0.4082,-6.8739
376.874,199.4612,901.2339,0.8595,-1.4574,2.5914,-2.641,-1.0093,-0.9653,0.6577,0.3771,-6.8565,-2.6106,-1.0701,-0.9443,0.5923,0.4082,-6.8739
376.874,199.4612,901.2339,0.8595,-1.4574,2.5914,-2.6946,-1.1131,-0.8904,0.6383,0.4611,-6.8991,-2.6106,-1.0701,-0.9443,0.5923,0.4082,-6.8739
376.874,199.4612,901.2339,0.8595,-1.4574,2.5914,-2.6841,-1.1064,-0.8753,0.5971,0.4077,-6.972,-2.6106,-1.0701,-0.9443,0.5923,0.4082,-6.8739
376.874,199.4612,901.2339,0.8595,-1.4574,2.5914,-2.5761,-1.079,-0.9025,0.5637,0.4292,-6.8707,-2.6106,-1.0701,-0.9443,0.5923,0.4082,-6.8739
376.874,199.4612,901.2339,0.8595,-1.4574,2.5914,-2.5382,-1.0234,-0.9429,0.6004,0.3084,-6.8755,-2.6106,-1.0701,-0.9443,0.5923,0.4082,-6.8739
376.874,199.4612,901.2339,0.8595,-1.4574,2.5914,-2.637,-1.0582,-0.8629,0.6534,0.3255,-6.7909,-2.6106,-1.0701,-0.9443,0.5923,0.4082,-6.8739
376.874,199.4612,901.2339,0.8595,-1.4574,2.5914,-2.6819,-1.0772,-0.9799,0.5649,0.361,-6.7972,-2.6106,-1.0701,-0.9443,0.5923,0.4082,-6.8739
376.874,199.4612,901.2339,0.8595,-1.4574,2.5914,-2.5222,-1.0336,-1.0436,0.5519,0.4455,-6.8372,-2.6106,-1.0701,-0.9443,0.5923,0.4082,-6.8739
376.874,199.4612,901.2339,0.8595,-1.4574,2.5914,-2.6103,-1.1475,-0.9927,0.4979,0.4018,-6.8312,-2.6106,-1.0701,-0.9443,0.5923,0.4082,-6.8739
376.874,199.4612,901.2339,0.8595,-1.4574,2.5914,-2.5445,-1.0818,-0.9371,0.5723,0.3959,-6.8181,-2.6106,-1.0701,-0.9443,0.5923,0.4082,-6.8739
376.874,199.4612,901.2339,0.8595,-1.4574,2.5914,-2.6225,-1.1308,-0.893,0.6625,0.3396,-6.9406,-2.6106,-1.0701,-0.9443,0.5923,0.4082,-6.8739
376.874,199.4612,901.2339,0.8595,-1.4574,2.5914,-2.6209,-1.1131,-0.9658,0.6164,0.4,-6.8566,-2.6106,-1.0701,-0.9443,0.5923,0.4082,-6.8739
-795.7939,-168.7526,1777.9396,1.6618,-0.0074,-0.3722,-2.9854,-0.4291,0.66,2.9303,-0.1296,1.7414,-2.9287,-0.5164,0.743,2.8861,-0.1486,1.7074
-795.7939,-168.7526,1777.9396,1.6618,-0.0074,-0.3722,-2.9758,-0.5876,0.7745,2.8873,-0.1392,1.695,-2.9287,-0.5164,0.743,2.8861,-0.1486,1.7074
-795.7939,-168.7526,1777.9396,1.6618,-0.0074,-0.3722,-2.8288,-0.6136,0.672,2.8763,-0.1085,1.7734,-2.9287,-0.5164,0.743,2.8861,-0.1486,1.7074
-795.7939,-168.7526,1777.9396,1.6618,-0.0074,-0.3722,-3.004,-0.5553,0.7343,2.9088,-0.1668,1.6754,-2.9287,-0.5164,0.743,2.8861,-0.1486,1.7074
-795.7939,-168.7526,1777.9396,1.6618,-0.0074,-0.3722,-2.8554,-0.5113,0.6587,2.9282,-0.2206,1.7397,-2.9287,-0.5164,0.743,2.8861,-0.1486,1.7074
-795.7939,-168.7526,1777.9396,1.6618,-0.0074,-0.3722,-2.8806,-0.5127,0.658,2.9001,-0.2437,1.6508,-2.9287,-0.5164,0.743,2.8861,-0.1486,1.7074
-795.7939,-168.7526,1777.9396,1.6618,-0.0074,-0.3722,-2.9857,-0.4597,0.7204,2.968,-0.1615,1.8025,-2.9287,-0.5164,0.743,2.8861,-0.1486,1.7074
-795.7939,-168.7526,1777.9396,1.6618,-0.0074,-0.3722,-2.8306,-0.5996,0.7643,2.8872,-0.0872,1.6236,-2.9287,-0.5164,0.743,2.8861,-0.1486,1.7074
-795.7939,-168.7526,1777.9396,1.6618,-0.0074,-0.3722,-2.9152,-0.4768,0.7836,2.9748,-0.1545,1.7725,-2.9287,-0.5164,0.743,2.8861,-0.1486,1.7074
-795.7939,-168.7526,1777.9396,1.6618,-0.0074,-0.3722,-2.8629,-0.5829,0.7225,2.8803,-0.0883,1.796,-2.9287,-0.5164,0.743,2.8861,-0.1486,1.7074
-795.7939,-168.7526,1777.9396,1.6618,-0.0074,-0.3722,-2.9804,-0.45,0.6961,2.7872,-0.1258,1.7326,-2.9287,-0.5164,0.743,2.8861,-0.1486,1.7074
-795.7939,-168.7526,1777.9396,1.6618,-0.0074,-0.3722,-2.9714,-0.4369,0.7318,2.8377,-0.0901,1.7589,-2.9287,-0.5164,0.743,2.8861,-0.1486,1.7074
-795.7939,-168.7526,1777.9396,1.6618,-0.0074,-0.3722,-2.8785,-0.6034,0.679,2.8046,-0.0883,1.7335,-2.9287,-0.5164,0.743,2.8861,-0.1486,1.7074
-795.7939,-168.7526,1777.9396,1.6618,-0.0074,-0.3722,-2.9412,-0.5497,0.8006,2.9821,-0.1642,1.6128,-2.9287,-0.5164,0.743,2.8861,-0.1486,1.7074
-795.7939,-168.7526,1777.9396,1.6618,-0.0074,-0.3722,-2.9368,-0.5934,0.6838,2.9778,-0.1192,1.6483,-2.9287,-0.5164,0.743,2.8861,-0.1486,1.7074
-795.7939,-168.7526,1777.9396,1.6618,-0.0074,-0.3722,-2.9701,-0.612,0.6453,2.796,-0.0657,1.6183,-2.9287,-0.5164,0.743,2.8861,-0.1486,1.7074
-795.7939,-168.7526,1777.9396,1.6618,-0.0074,-0.3722,-2.8582,-0.5366,0.8177,2.9664,-0.0962,1.807,-2.9287,-0.5164,0.743,2.8861,-0.1486,1.7074
-795.7939,-168.7526,1777.9396,1.6618,-0.0074,-0.3722,-3.0248,-0.5071,0.7759,2.9666,-0.1194,1.6138,-2.9287,-0.5164,0.743,2.8861,-0.1486,1.7074
-795.7939,-168.7526,1777.9396,1.6618,-0.0074,-0.3722,-2.9069,-0.4297,0.7442,2.8823,-0.1681,1.6118,-2.9287,-0.5164,0.743,2.8861,-0.1486,1.7074
-795.7939,-168.7526,1777.9396,1.6618,-0.0074,-0.3722,-2.9008,-0.5314,0.7193,2.8594,-0.2287,1.6949,-2.9287,-0.5164,0.743,2.8861,-0.1486,1.7074
4.406,32.4683,1193.9189,3.0232,0.1548,2.2267,-1.9016,-0.3327,-0.7516,0.1548,-1.1398,-1.889,-1.9013,-0.3181,-0.6792,0.0798,-1.2233,-1.8492
4.406,32.4683,1193.9189,3.0232,0.1548,2.2267,-1.893,-0.3226,-0.591,0.1329,-1.2872,-1.9025,-1.9013,-0.3181,-0.6792,0.0798,-1.2233,-1.8492
4.406,32.4683,1193.9189,3.0232,0.1548,2.2267,-1.9306,-0.3731,-0.685,0.0439,-1.2027,-1.8784,-1.9013,-0.3181,-0.6792,0.0798,-1.2233,-1.8492
4.406,32.4683,1193.9189,3.0232,0.1548,2.2267,-1.9967,-0.3725,-0.5844,0.1085,-1.1944,-1.7674,-1.9013,-0.3181,-0.6792,0.0798,-1.2233,-1.8492
4.406,32.4683,1193.9189,3.0232,0.1548,2.2267,-1.9794,-0.3279,-0.7248,0.1595,-1.3101,-1.9063,-1.9013,-0.3181,-0.6792,0.0798,-1.2233,-1.8492
4.406,32.4683,1193.9189,3.0232,0.1548,2.2267,-1.8974,-0.3003,-0.631,0.142,-1.319,-1.75,-1.9013,-0.3181,-0.6792,0.0798,-1.2233,-1.8492
4.406,32.4683,1193.9189,3.0232,0.1548,2.2267,-1.9976,-0.3092,-0.6102,-0.0102,-1.2792,-1.7872,-1.9013,-0.3181,-0.6792,0.0798,-1.2233,-1.8492
4.406,32.4683,1193.9189,3.0232,0.1548,2.2267,-1.8677,-0.4061,-0.6278,0.1529,-1.1324,-1.9347,-1.9013,-0.3181,-0.6792,0.0798,-1.2233,-1.8492
4.406,32.4683,1193.9189,3.0232,0.1548,2.2267,-1.9384,-0.2878,-0.6628,0.0793,-1.3063,-1.8159,-1.9013,-0.3181,-0.6792,0.0798,-1.2233,-1.8492
4.406,32.4683,1193.9189,3.0232,0.1548,2.2267,-1.8889,-0.3794,-0.708,0.1105,-1.1247,-1.9464,-1.9013,-0.3181,-0.6792,0.0798,-1.2233,-1.8492
4.406,32.4683,1193.9189,3.0232,0.1548,2.2267,-1.9111,-0.2982,-0.6874,0.1316,-1.31,-1.9012,-1.9013,-0.3181,-0.6792,0.0798,-1.2233,-1.8492
4.406,32.4683,1193.9189,3.0232,0.1548,2.2267,-1.9689,-0.2274,-0.7147,0.0331,-1.1728,-1.7569,-1.9013,-0.3181,-0.6792,0.0798,-1.2233,-1.8492
4.406,32.4683,1193.9189,3.0232,0.1548,2.2267,-1.8725,-0.4149,-0.6923,0.0056,-1.1447,-1.8623,-1.9013,-0.3181,-0.6792,0.0798,-1.2233,-1.8492
4.406,32.4683,1193.9189,3.0232,0.1548,2.2267,-1.8188,-0.2613,-0.7686,0.106,-1.1344,-1.7527,-1.9013,-0.3181,-0.6792,0.0798,-1.2233,-1.8492
4.406,32.4683,1193.9189,3.0232,0.1548,2.2267,-1.9542,-0.3403,-0.6326,0.0547,-1.1645,-1.946,-1.9013,-0.3181,-0.6792,0.0798,-1.2233,-1.8492
4.406,32.4683,1193.9189,3.0232,0.1548,2.2267,-1.9754,-0.234,-0.5852,0.0989,-1.3189,-1.8985,-1.9013,-0.3181,-0.6792,0.0798,-1.2233,-1.8492
4.406,32.4683,1193.9189,3.0232,0.1548,2.2267,-1.8211,-0.2896,-0.6082,-0.0044,-1.2548,-1.8611,-1.9013,-0.3181,-0.6792,0.0798,-1.2233,-1.8492
4.406,32.4683,1193.9189,3.0232,0.1548,2.2267,-1.8834,-0.3351,-0.6508,0.0042,-1.2636,-1.9445,-1.9013,-0.3181,-0.6792,0.0798,-1.2233,-1.8492
4.406,32.4683,1193.9189,3.0232,0.1548,2.2267,-1.9764,-0.279,-0.6641,0.1629,-1.1291,-1.8061,-1.9013,-0.3181,-0.6792,0.0798,-1.2233,-1.8492
4.406,32.4683,1193.9189,3.0232,0.1548,2.2267,-1.9708,-0.3831,-0.7784,0.1064,-1.1949,-1.8423,-1.9013,-0.3181,-0.6792,0.0798,-1.2233,-1.8492
1014.7466,-64.4064,-232.6336,-2.6713,0.2996,2.5448,-0.1633,1.2303,0.5537,0.6107,1.5654,-0.7964,-0.1138,1.16,0.5894,0.6482,1.535,-0.7489
1014.7466,-64.4064,-232.6336,-2.6713,0.2996,2.5448,-0.1862,1.1983,0.6382,0.6504,1.4937,-0.7979,-0.1138,1.16,0.5894,0.6482,1.535,-0.7489
1014.7466,-64.4064,-232.6336,-2.6713,0.2996,2.5448,-0.2,1.1832,0.5915,0.6668,1.5285,-0.6661,-0.1138,1.16,0.5894,0.6482,1.535,-0.7489
1014.7466,-64.4064,-232.6336,-2.6713,0.2996,2.5448,-0.1725,1.151,0.5387,0.7063,1.5832,-0.685,-0.1138,1.16,0.5894,0.6482,1.535,-0.7489
1014.7466,-64.4064,-232.6336,-2.6713,0.2996,2.5448,-0.1879,1.2072,0.6451,0.6582,1.4489,-0.7327,-0.1138,1.16,0.5894,0.6482,1.535,-0.7489
1014.7466,-64.4064,-232.6336,-2.6713,0.2996,2.5448,-0.0951,1.0735,0.6375,0.5777,1.4682,-0.7547,-0.1138,1.16,0.5894,0.6482,1.535,-0.7489
1014.7466,-64.4064,-232.6336,-2.6713,0.2996,2.5448,-0.129,1.2441,0.6524,0.6039,1.4692,-0.6619,-0.1138,1.16,0.5894,0.6482,1.535,-0.7489
1014.7466,-64.4064,-232.6336,-2.6713,0.2996,2.5448,-0.0349,1.0913,0.5934,0.65,1.5007,-0.7267,-0.1138,1.16,0.5894,0.6482,1.535,-0.7489
1014.7466,-64.4064,-232.6336,-2.6713,0.2996,2.5448,-0.0552,1.0886,0.6265,0.7406,1.6037,-0.8208,-0.1138,1.16,0.5894,0.6482,1.535,-0.7489
1014.7466,-64.4064,-232.6336,-2.6713,0.2996,2.5448,-0.1397,1.1625,0.5155,0.5504,1.5214,-0.7922,-0.1138,1.16,0.5894,0.6482,1.535,-0.7489
1014.7466,-64.4064,-232.6336,-2.6713,0.2996,2.5448,-0.0268,1.0858,0.5032,0.7246,1.634,-0.6624,-0.1138,1.16,0.5894,0.6482,1.535,-0.7489
1014.7466,-64.4064,-232.6336,-2.6713,0.2996,2.5448,-0.1667,1.0643,0.5832,0.7263,1.5567,-0.7562,-0.1138,1.16,0.5894,0.6482,1.535,-0.7489
1014.7466,-64.4064,-232.6336,-2.6713,0.2996,2.5448,-0.1592,1.2457,0.6191,0.6458,1.6133,-0.7225,-0.1138,1.16,0.5894,0.6482,1.535,-0.7489
1014.7466,-64.4064,-232.6336,-2.6713,0.2996,2.5448,-0.1533,1.112,0.5634,0.573,1.452,-0.7267,-0.1138,1.16,0.5894,0.6482,1.535,-0.7489
1014.7466,-64.4064,-232.6336,-2.6713,0.2996,2.5448,-0.0626,1.2598,0.6359,0.6366,1.6155,-0.698,-0.1138,1.16,0.5894,0.6482,1.535,-0.7489
1014.7466,-64.4064,-232.6336,-2.6713,0.2996,2.5448,-0.0415,1.2188,0.5922,0.7332,1.5579,-0.7045,-0.1138,1.16,0.5894,0.6482,1.535,-0.7489
1014.7466,-64.4064,-232.6336,-2.6713,0.2996,2.5448,-0.0442,1.1201,0.6865,0.6319,1.5572,-0.7563,-0.1138,1.16,0.5894,0.6482,1.535,-0.7489
1014.7466,-64.4064,-232.6336,-2.6713,0.2996,2.5448,-0.0228,1.1539,0.4894,0.5843,1.5864,-0.6991,-0.1138,1.16,0.5894,0.6482,1.535,-0.7489
1014.7466,-64.4064,-232.6336,-2.6713,0.2996,2.5448,-0.1849,1.2161,0.5503,0.7267,1.5315,-0.7999,-0.1138,1.16,0.5894,0.6482,1.535,-0.7489
1014.7466,-64.4064,-232.6336,-2.6713,0.2996,2.5448,-0.1291,1.2174,0.5779,0.7305,1.4726,-0.811,-0.1138,1.16,0.5894,0.6482,1.535,-0.7489
690.975,40.0648,1751.4356,-2.0503,-0.0695,0.072,0.0849,-0.4695,0.4151,-0.7555,-0.1642,4.9821,0.0461,-0.4379,0.512,-0.7595,-0.1399,4.9452
690.975,40.0648,1751.4356,-2.0503,-0.0695,0.072,0.1016,-0.4871,0.5317,-0.8388,-0.0417,5.0346,0.0461,-0.4379,0.512,-0.7595,-0.1399,4.9452
690.975,40.0648,1751.4356,-2.0503,-0.0695,0.072,0.1241,-0.367,0.4738,-0.7744,-0.2364,5.0214,0.0461,-0.4379,0.512,-0.7595,-0.1399,4.9452
690.975,40.0648,1751.4356,-2.0503,-0.0695,0.072,-0.0108,-0.4066,0.4553,-0.813,-0.0436,4.9215,0.0461,-0.4379,0.512,-0.7595,-0.1399,4.9452
690.975,40.0648,1751.4356,-2.0503,-0.0695,0.072,0.0394,-0.4753,0.4618,-0.7072,-0.1243,4.9283,0.0461,-0.4379,0.512,-0.7595,-0.1399,4.9452
690.975,40.0648,1751.4356,-2.0503,-0.0695,0.072,0.1214,-0.35,0.5064,-0.7503,-0.0963,5.035,0.0461,-0.4379,0.512,-0.7595,-0.1399,4.9452
690.975,40.0648,1751.4356,-2.0503,-0.0695,0.072,0.0474,-0.4418,0.5516,-0.7197,-0.2143,5.0017,0.0461,-0.4379,0.512,-0.7595,-0.1399,4.9452
690.975,40.0648,1751.4356,-2.0503,-0.0695,0.072,0.1295,-0.4601,0.4719,-0.7289,-0.1348,4.8506,0.0461,-0.4379,0.512,-0.7595,-0.1399,4.9452
690.975,40.0648,1751.4356,-2.0503,-0.0695,0.072,0.0705,-0.3424,0.4901,-0.7182,-0.0715,4.8979,0.0461,-0.4379,0.512,-0.7595,-0.1399,4.9452
690.975,40.0648,1751.4356,-2.0503,-0.0695,0.072,0.0501,-0.5337,0.607,-0.6979,-0.1937,4.9802,0.0461,-0.4379,0.512,-0.7595,-0.1399,4.9452
690.975,40.0648,1751.4356,-2.0503,-0.0695,0.072,0.011,-0.4473,0.4328,-0.7476,-0.1707,4.9311,0.0461,-0.4379,0.512,-0.7595,-0.1399,4.9452
690.975,40.0648,1751.4356,-2.0503,-0.0695,0.072,0.1001,-0.4486,0.4951,-0.7015,-0.1115,5.0259,0.0461,-0.4379,0.512,-0.7595,-0.1399,4.9452
690.975,40.0648,1751.4356,-2.0503,-0.0695,0.072,0.0825,-0.3706,0.5445,-0.7647,-0.0892,5.0071,0.0461,-0.4379,0.512,-0.7595,-0.1399,4.9452
690.975,40.0648,1751.4356,-2.0503,-0.0695,0.072,0.1314,-0.4304,0.5461,-0.7762,-0.1866,5.0409,0.0461,-0.4379,0.512,-0.7595,-0.1399,4.9452
690.975,40.0648,1751.4356,-2.0503,-0.0695,0.072,-0.0337,-0.391,0.4163,-0.8342,-0.1732,4.8515,0.0461,-0.4379,0.512,-0.7595,-0.1399,4.9452
690.975,40.0648,1751.4356,-2.0503,-0.0695,0.072,0.0915,-0.3815,0.4692,-0.8265,-0.136,4.9093,0.0461,-0.4379,0.512,-0.7595,-0.1399,4.9452
690.975,40.0648,1751.4356,-2.0503,-0.0695,0.072,-0.0371,-0.53,0.5245,-0.6778,-0.1624,4.9679,0.0461,-0.4379,0.512,-0.7595,-0.1399,4.9452
690.975,40.0648,1751.4356,-2.0503,-0.0695,0.072,0.0979,-0.4142,0.4886,-0.8395,-0.1382,4.874,0.0461,-0.4379,0.512,-0.7595,-0.1399,4.9452
690.975,40.0648,1751.4356,-2.0503,-0.0695,0.072,-0.0095,-0.3947,0.4578,-0.741,-0.1853,5.012,0.0461,-0.4379,0.512,-0.7595,-0.1399,4.9452
690.975,40.0648,1751.4356,-2.0503,-0.0695,0.072,0.0954,-0.3716,0.5972,-0.8042,-0.2302,4.8681,0.0461,-0.4379,0.512,-0.7595,-0.1399,4.9452
78.7503,-39.1733,2000.5351,0.5241,1.2948,0.7108,-1.7426,-1.0864,0.931,-1.6302,-1.3184,3.6568,-1.6902,-1.1849,0.8572,-1.72,-1.4016,3.6557
78.7503,-39.1733,2000.5351,0.5241,1.2948,0.7108,-1.6788,-1.1043,0.9493,-1.6635,-1.3527,3.7131,-1.6902,-1.1849,0.8572,-1.72,-1.4016,3.6557
78.7503,-39.1733,2000.5351,0.5241,1.2948,0.7108,-1.6198,-1.1603,0.7746,-1.7844,-1.4779,3.7268,-1.6902,-1.1849,0.8572,-1.72,-1.4016,3.6557
78.7503,-39.1733,2000.5351,0.5241,1.2948,0.7108,-1.7377,-1.2176,0.8035,-1.6818,-1.3041,3.7259,-1.6902,-1.1849,0.8572,-1.72,-1.4016,3.6557
78.7503,-39.1733,2000.5351,0.5241,1.2948,0.7108,-1.6978,-1.2062,0.8048,-1.7892,-1.3668,3.676,-1.6902,-1.1849,0.8572,-1.72,-1.4016,3.6557
78.7503,-39.1733,2000.5351,0.5241,1.2948,0.7108,-1.7728,-1.1198,0.7781,-1.7527,-1.3331,3.5746,-1.6902,-1.1849,0.8572,-1.72,-1.4016,3.6557
78.7503,-39.1733,2000.5351,0.5241,1.2948,0.7108,-1.64,-1.2735,0.9473,-1.7111,-1.3642,3.6391,-1.6902,-1.1849,0.8572,-1.72,-1.4016,3.6557
78.7503,-39.1733,2000.5351,0.5241,1.2948,0.7108,-1.7637,-1.2391,0.8962,-1.748,-1.3476,3.7115,-1.6902,-1.1849,0.8572,-1.72,-1.4016,3.6557
78.7503,-39.1733,2000.5351,0.5241,1.2948,0.7108,-1.7489,-1.2057,0.9445,-1.7445,-1.3213,3.5952,-1.6902,-1.1849,0.8572,-1.72,-1.4016,3.6557
78.7503,-39.1733,2000.5351,0.5241,1.2948,0.7108,-1.6997,-1.2743,0.9302,-1.6962,-1.4646,3.5759,-1.6902,-1.1849,0.8572,-1.72,-1.4016,3.6557
78.7503,-39.1733,2000.5351,0.5241,1.2948,0.7108,-1.7674,-1.093,0.9255,-1.799,-1.458,3.6257,-1.6902,-1.1849,0.8572,-1.72,-1.4016,3.6557
78.7503,-39.1733,2000.5351,0.5241,1.2948,0.7108,-1.6945,-1.176,0.9353,-1.6814,-1.305,3.5832,-1.6902,-1.1849,0.8572,-1.72,-1.4016,3.6557
78.7503,-39.1733,2000.5351,0.5241,1.2948,0.7108,-1.6572,-1.1243,0.8429,-1.6364,-1.3381,3.6343,-1.6902,-1.1849,0.8572,-1.72,-1.4016,3.6557
78.7503,-39.1733,2000.5351,0.5241,1.2948,0.7108,-1.7274,-1.1254,0.9305,-1.8173,-1.3319,3.5808,-1.6902,-1.1849,0.8572,-1.72,-1.4016,3.6557
78.7503,-39.1733,2000.5351,0.5241,1.2948,0.7108,-1.766,-1.1958,0.8848,-1.7119,-1.3862,3.5651,-1.6902,-1.1849,0.8572,-1.72,-1.4016,3.6557
78.7503,-39.1733,2000.5351,0.5241,1.2948,0.7108,-1.6272,-1.2792,0.7854,-1.7943,-1.4047,3.6647,-1.6902,-1.1849,0.8572,-1.72,-1.4016,3.6557
78.7503,-39.1733,2000.5351,0.5241,1.2948,0.7108,-1.7454,-1.2196,0.9239,-1.8183,-1.3062,3.6857,-1.6902,-1.1849,0.8572,-1.72,-1.4016,3.6557
78.7503,-39.1733,2000.5351,0.5241,1.2948,0.7108,-1.5957,-1.2113,0.8759,-1.805,-1.3888,3.5878,-1.6902,-1.1849,0.8572,-1.72,-1.4016,3.6557
78.7503,-39.1733,2000.5351,0.5241,1.2948,0.7108,-1.718,-1.1381,0.9034,-1.6489,-1.3665,3.5756,-1.6902,-1.1849,0.8572,-1.72,-1.4016,3.6557
78.7503,-39.1733,2000.5351,0.5241,1.2948,0.7108,-1.7498,-1.2716,0.8821,-1.7595,-1.3849,3.6738,-1.6902,-1.1849,0.8572,-1.72,-1.4016,3.6557
-246.3104,195.4752,1642.306,2.5844,-0.9619,-2.1282,2.1237,-0.4709,0.1226,1.567,1.9045,4.2075,2.2115,-0.5421,0.1218,1.6095,1.8912,4.1179
-246.3104,195.4752,1642.306,2.5844,-0.9619,-2.1282,2.1847,-0.514,0.0887,1.6765,1.8041,4.0485,2.2115,-0.5421,0.1218,1.6095,1.8912,4.1179
-246.3104,195.4752,1642.306,2.5844,-0.9619,-2.1282,2.143,-0.5501,0.182,1.5503,1.97,4.1831,2.2115,-0.5421,0.1218,1.6095,1.8912,4.1179
-246.3104,195.4752,1642.306,2.5844,-0.9619,-2.1282,2.123,-0.5357,0.022,1.5789,1.8978,4.1339,2.2115,-0.5421,0.1218,1.6095,1.8912,4.1179
-246.3104,195.4752,1642.306,2.5844,-0.9619,-2.1282,2.284,-0.6203,0.1458,1.625,1.8976,4.1891,2.2115,-0.5421,0.1218,1.6095,1.8912,4.1179
-246.3104,195.4752,1642.306,2.5844,-0.9619,-2.1282,2.2441,-0.5147,0.0231,1.5659,1.8028,4.0283,2.2115,-0.5421,0.1218,1.6095,1.8912,4.1179
-246.3104,195.4752,1642.306,2.5844,-0.9619,-2.1282,2.2329,-0.5809,0.0396,1.6038,1.8846,4.1431,2.2115,-0.5421,0.1218,1.6095,1.8912,4.1179
-246.3104,195.4752,1642.306,2.5844,-0.9619,-2.1282,2.1611,-0.5838,0.0792,1.5626,1.9276,4.1953,2.2115,-0.5421,0.1218,1.6095,1.8912,4.1179
-246.3104,195.4752,1642.306,2.5844,-0.9619,-2.1282,2.2121,-0.5619,0.0305,1.6951,1.9559,4.1361,2.2115,-0.5421,0.1218,1.6095,1.8912,4.1179
-246.3104,195.4752,1642.306,2.5844,-0.9619,-2.1282,2.296,-0.6253,0.0359,1.6366,1.8148,4.0677,2.2115,-0.5421,0.1218,1.6095,1.8912,4.1179
-246.3104,195.4752,1642.306,2.5844,-0.9619,-2.1282,2.1646,-0.5402,0.118,1.5925,1.8165,4.1526,2.2115,-0.5421,0.1218,1.6095,1.8912,4.1179
-246.3104,195.4752,1642.306,2.5844,-0.9619,-2.1282,2.1797,-0.5291,0.0585,1.6605,1.8488,4.1098,2.2115,-0.5421,0.1218,1.6095,1.8912,4.1179
-246.3104,195.4752,1642.306,2.5844,-0.9619,-2.1282,2.2264,-0.5624,0.08,1.584,1.918,4.1987,2.2115,-0.5421,0.1218,1.6095,1.8912,4.1179
-246.3104,195.4752,1642.306,2.5844,-0.9619,-2.1282,2.1174,-0.499,0.1003,1.6252,1.8103,4.0849,2.2115,-0.5421,0.1218,1.6095,1.8912,4.1179
-246.3104,195.4752,1642.306,2.5844,-0.9619,-2.1282,2.2474,-0.5639,0.0267,1.6965,1.8536,4.1912,2.2115,-0.5421,0.1218,1.6095,1.8912,4.1179
-246.3104,195.4752,1642.306,2.5844,-0.9619,-2.1282,2.2758,-0.4714,0.0617,1.6102,1.9546,4.2125,2.2115,-0.5421,0.1218,1.6095,1.8912,4.1179
-246.3104,195.4752,1642.306,2.5844,-0.9619,-2.1282,2.2387,-0.5311,0.1075,1.6067,1.8474,4.1881,2.2115,-0.5421,0.1218,1.6095,1.8912,4.1179
-246.3104,195.4752,1642.306,2.5844,-0.9619,-2.1282,2.1205,-0.4581,0.1085,1.6044,1.9055,4.0725,2.2115,-0.5421,0.1218,1.6095,1.8912,4.1179
-246.3104,195.4752,1642.306,2.5844,-0.9619,-2.1282,2.2211,-0.6232,0.1636,1.5757,1.8285,4.1392,2.2115,-0.5421,0.1218,1.6095,1.8912,4.1179
-246.3104,195.4752,1642.306,2.5844,-0.9619,-2.1282,2.1618,-0.4474,0.1063,1.5618,1.8159,4.1836,2.2115,-0.5421,0.1218,1.6095,1.8912,4.1179
-39.4319,329.6855,845.2169,-2.8366,-0.3097,-0.0538,1.6782,0.9742,-1.1548,1.6409,-0.2578,0.0782,1.7689,1.0318,-1.0703,1.6215,-0.3139,0.0418
-39.4319,329.6855,845.2169,-2.8366,-0.3097,-0.0538,1.8069,0.9565,-0.9799,1.5575,-0.2541,0.0931,1.7689,1.0318,-1.0703,1.6215,-0.3139,0.0418
-39.4319,329.6855,845.2169,-2.8366,-0.3097,-0.0538,1.71,1.1039,-1.0529,1.5416,-0.3675,-0.0491,1.7689,1.0318,-1.0703,1.6215,-0.3139,0.0418
-39.4319,329.6855,845.2169,-2.8366,-0.3097,-0.0538,1.6749,1.0646,-1.0152,1.5539,-0.2436,0.0702,1.7689,1.0318,-1.0703,1.6215,-0.3139,0.0418
-39.4319,329.6855,845.2169,-2.8366,-0.3097,-0.0538,1.7706,0.9596,-1.1584,1.6777,-0.2241,0.0275,1.7689,1.0318,-1.0703,1.6215,-0.3139,0.0418
-39.4319,329.6855,845.2169,-2.8366,-0.3097,-0.0538,1.7639,1.1273,-1.0101,1.6017,-0.2344,0.0623,1.7689,1.0318,-1.0703,1.6215,-0.3139,0.0418
-39.4319,329.6855,845.2169,-2.8366,-0.3097,-0.0538,1.8686,0.9802,-1.0471,1.5691,-0.2891,0.0466,1.7689,1.0318,-1.0703,1.6215,-0.3139,0.0418
-39.4319,329.6855,845.2169,-2.8366,-0.3097,-0.0538,1.8098,1.0109,-1.0953,1.6588,-0.2282,0.0772,1.7689,1.0318,-1.0703,1.6215,-0.3139,0.0418
-39.4319,329.6855,845.2169,-2.8366,-0.3097,-0.0538,1.6978,1.0925,-1.1374,1.6909,-0.3191,0.0856,1.7689,1.0318,-1.0703,1.6215,-0.3139,0.0418
-39.4319,329.6855,845.2169,-2.8366,-0.3097,-0.0538,1.6892,1.1171,-1.0189,1.7201,-0.3955,0.0135,1.7689,1.0318,-1.0703,1.6215,-0.3139,0.0418
-39.4319,329.6855,845.2169,-2.8366,-0.3097,-0.0538,1.6945,0.9915,-1.1056,1.6597,-0.2897,0.1214,1.7689,1.0318,-1.0703,1.6215,-0.3139,0.0418
-39.4319,329.6855,845.2169,-2.8366,-0.3097,-0.0538,1.8536,0.999,-1.0132,1.7097,-0.2422,-0.0007,1.7689,1.0318,-1.0703,1.6215,-0.3139,0.0418
-39.4319,329.6855,845.2169,-2.8366,-0.3097,-0.0538,1.6719,1.061,-1.0226,1.5863,-0.3999,-0.0123,1.7689,1.0318,-1.0703,1.6215,-0.3139,0.0418
-39.4319,329.6855,845.2169,-2.8366,-0.3097,-0.0538,1.8213,1.0883,-1.0355,1.5283,-0.343,-0.0187,1.7689,1.0318,-1.0703,1.6215,-0.3139,0.0418
-39.4319,329.6855,845.2169,-2.8366,-0.3097,-0.0538,1.7459,0.9523,-1.1301,1.5355,-0.2203,0.0701,1.7689,1.0318,-1.0703,1.6215,-0.3139,0.0418
-39.4319,329.6855,845.2169,-2.8366,-0.3097,-0.0538,1.7024,1.0871,-1.05,1.6789,-0.2914,0.0453,1.7689,1.0318,-1.0703,1.6215,-0.3139,0.0418
-39.4319,329.6855,845.2169,-2.8366,-0.3097,-0.0538,1.8139,0.968,-1.1358,1.7147,-0.3957,0.0772,1.7689,1.0318,-1.0703,1.6215,-0.3139,0.0418
-39.4319,329.6855,845.2169,-2.8366,-0.3097,-0.0538,1.7038,1.024,-1.07,1.6766,-0.3057,0.0137,1.7689,1.0318,-1.0703,1.6215,-0.3139,0.0418
-39.4319,329.6855,845.2169,-2.8366,-0.3097,-0.0538,1.6738,0.9881,-0.9881,1.5772,-0.2949,-0.033,1.7689,1.0318,-1.0703,1.6215,-0.3139,0.0418
-39.4319,329.6855,845.2169,-2.8366,-0.3097,-0.0538,1.7504,1.0928,-1.0477,1.6056,-0.3431,0.0255,1.7689,1.0318,-1.0703,1.6215,-0.3139,0.0418
827.5012,586.1873,1084.6901,-1.3114,-1.0712,-1.9076,-2.4651,-1.8122,0.1035,-1.5822,-0.7579,2.3295,-2.4713,-1.8845,0.0628,-1.6216,-0.6994,2.2478
827.5012,586.1873,1084.6901,-1.3114,-1.0712,-1.9076,-2.5329,-1.9653,0.0257,-1.6193,-0.7454,2.1585,-2.4713,-1.8845,0.0628,-1.6216,-0.6994,2.2478
827.5012,586.1873,1084.6901,-1.3114,-1.0712,-1.9076,-2.4645,-1.9457,0.0108,-1.5464,-0.6779,2.1601,-2.4713,-1.8845,0.0628,-1.6216,-0.6994,2.2478
827.5012,586.1873,1084.6901,-1.3114,-1.0712,-1.9076,-2.4545,-1.9329,0.1396,-1.569,-0.764,2.2864,-2.4713,-1.8845,0.0628,-1.6216,-0.6994,2.2478
827.5012,586.1873,1084.6901,-1.3114,-1.0712,-1.9076,-2.3885,-1.8327,0.1353,-1.6239,-0.737,2.2917,-2.4713,-1.8845,0.0628,-1.6216,-0.6994,2.2478
827.5012,586.1873,1084.6901,-1.3114,-1.0712,-1.9076,-2.4441,-1.912,-0.0,-1.5637,-0.6769,2.339,-2.4713,-1.8845,0.0628,-1.6216,-0.6994,2.2478
827.5012,586.1873,1084.6901,-1.3114,-1.0712,-1.9076,-2.3795,-1.7936,0.1548,-1.5733,-0.7473,2.1933,-2.4713,-1.8845,0.0628,-1.6216,-0.6994,2.2478
827.5012,586.1873,1084.6901,-1.3114,-1.0712,-1.9076,-2.498,-1.8106,-0.022,-1.5526,-0.6147,2.2207,-2.4713,-1.8845,0.0628,-1.6216,-0.6994,2.2478
827.5012,586.1873,1084.6901,-1.3114,-1.0712,-1.9076,-2.4805,-1.834,0.1616,-1.5846,-0.6873,2.3134,-2.4713,-1.8845,0.0628,-1.6216,-0.6994,2.2478
827.5012,586.1873,1084.6901,-1.3114,-1.0712,-1.9076,-2.4571,-1.8429,-0.0366,-1.6636,-0.6858,2.2065,-2.4713,-1.8845,0.0628,-1.6216,-0.6994,2.2478
827.5012,586.1873,1084.6901,-1.3114,-1.0712,-1.9076,-2.4147,-1.8973,0.0711,-1.5654,-0.7699,2.2216,-2.4713,-1.8845,0.0628,-1.6216,-0.6994,2.2478
827.5012,586.1873,1084.6901,-1.3114,-1.0712,-1.9076,-2.4838,-1.79,0.046,-1.6516,-0.7379,2.3188,-2.4713,-1.8845,0.0628,-1.6216,-0.6994,2.2478
827.5012,586.1873,1084.6901,-1.3114,-1.0712,-1.9076,-2.4694,-1.8376,0.1505,-1.6256,-0.7532,2.2159,-2.4713,-1.8845,0.0628,-1.6216,-0.6994,2.2478
827.5012,586.1873,1084.6901,-1.3114,-1.0712,-1.9076,-2.4008,-1.8529,0.0332,-1.5812,-0.6749,2.3199,-2.4713,-1.8845,0.0628,-1.6216,-0.6994,2.2478
827.5012,586.1873,1084.6901,-1.3114,-1.0712,-1.9076,-2.4641,-1.8671,0.1538,-1.6016,-0.6442,2.3038,-2.4713,-1.8845,0.0628,-1.6216,-0.6994,2.2478
827.5012,586.1873,1084.6901,-1.3114,-1.0712,-1.9076,-2.4444,-1.8762,0.135,-1.5638,-0.674,2.3437,-2.4713,-1.8845,0.0628,-1.6216,-0.6994,2.2478
827.5012,586.1873,1084.6901,-1.3114,-1.0712,-1.9076,-2.4241,-1.8041,0.0202,-1.7167,-0.6,2.2709,-2.4713,-1.8845,0.0628,-1.6216,-0.6994,2.2478
827.5012,586.1873,1084.6901,-1.3114,-1.0712,-1.9076,-2.521,-1.9336,0.1328,-1.687,-0.6888,2.2463,-2.4713,-1.8845,0.0628,-1.6216,-0.6994,2.2478
827.5012,586.1873,1084.6901,-1.3114,-1.0712,-1.9076,-2.3904,-1.9323,-0.0335,-1.7071,-0.654,2.3387,-2.4713,-1.8845,0.0628,-1.6216,-0.6994,2.2478
827.5012,586.1873,1084.6901,-1.3114,-1.0712,-1.9076,-2.3826,-1.9386,0.0548,-1.6334,-0.7314,2.245,-2.4713,-1.8845,0.0628,-1.6216,-0.6994,2.2478
556.2778,185.1104,1860.8185,-1.6267,0.4091,-0.3569,0.4209,-0.7219,0.591,-1.2045,0.5788,-0.6158,0.3919,-0.6342,0.6394,-1.2738,0.5347,-0.6687
556.2778,185.1104,1860.8185,-1.6267,0.4091,-0.3569,0.4141,-0.5824,0.5575,-1.2929,0.482,-0.614,0.3919,-0.6342,0.6394,-1.2738,0.5347,-0.6687
556.2778,185.1104,1860.8185,-1.6267,0.4091,-0.3569,0.4851,-0.6685,0.6029,-1.3665,0.471,-0.7133,0.3919,-0.6342,0.6394,-1.2738,0.5347,-0.6687
556.2778,185.1104,1860.8185,-1.6267,0.4091,-0.3569,0.4799,-0.6715,0.5868,-1.2465,0.534,-0.6187,0.3919,-0.6342,0.6394,-1.2738,0.5347,-0.6687
556.2778,185.1104,1860.8185,-1.6267,0.4091,-0.3569,0.447,-0.6896,0.7127,-1.2451,0.5484,-0.6567,0.3919,-0.6342,0.6394,-1.2738,0.5347,-0.6687
556.2778,185.1104,1860.8185,-1.6267,0.4091,-0.3569,0.3336,-0.5766,0.5651,-1.1974,0.4693,-0.7285,0.3919,-0.6342,0.6394,-1.2738,0.5347,-0.6687
556.2778,185.1104,1860.8185,-1.6267,0.4091,-0.3569,0.3455,-0.7293,0.7009,-1.3043,0.45,-0.689,0.3919,-0.6342,0.6394,-1.2738,0.5347,-0.6687
556.2778,185.1104,1860.8185,-1.6267,0.4091,-0.3569,0.3374,-0.6993,0.6367,-1.3174,0.5474,-0.5866,0.3919,-0.6342,0.6394,-1.2738,0.5347,-0.6687
556.2778,185.1104,1860.8185,-1.6267,0.4091,-0.3569,0.4,-0.571,0.6658,-1.1947,0.5359,-0.755,0.3919,-0.6342,0.6394,-1.2738,0.5347,-0.6687
556.2778,185.1104,1860.8185,-1.6267,0.4091,-0.3569,0.4574,-0.6102,0.5709,-1.2449,0.526,-0.5854,0.3919,-0.6342,0.6394,-1.2738,0.5347,-0.6687
556.2778,185.1104,1860.8185,-1.6267,0.4091,-0.3569,0.3019,-0.6764,0.727,-1.2294,0.625,-0.6218,0.3919,-0.6342,0.6394,-1.2738,0.5347,-0.6687
556.2778,185.1104,1860.8185,-1.6267,0.4091,-0.3569,0.3774,-0.569,0.6111,-1.2264,0.4362,-0.6359,0.3919,-0.6342,0.6394,-1.2738,0.5347,-0.6687
556.2778,185.1104,1860.8185,-1.6267,0.4091,-0.3569,0.3198,-0.5451,0.6346,-1.2928,0.5659,-0.6433,0.3919,-0.6342,0.6394,-1.2738,0.5347,-0.6687
556.2778,185.1104,1860.8185,-1.6267,0.4091,-0.3569,0.407,-0.6245,0.6256,-1.3461,0.4851,-0.6779,0.3919,-0.6342,0.6394,-1.2738,0.5347,-0.6687
556.2778,185.1104,1860.8185,-1.6267,0.4091,-0.3569,0.3085,-0.7161,0.558,-1.3176,0.4764,-0.6071,0.3919,-0.6342,0.6394,-1.2738,0.5347,-0.6687
556.2778,185.1104,1860.8185,-1.6267,0.4091,-0.3569,0.3958,-0.6199,0.705,-1.3476,0.6233,-0.6002,0.3919,-0.6342,0.6394,-1.2738,0.5347,-0.6687
556.2778,185.1104,1860.8185,-1.6267,0.4091,-0.3569,0.3501,-0.6221,0.6367,-1.245,0.6276,-0.7541,0.3919,-0.6342,0.6394,-1.2738,0.5347,-0.6687
556.2778,185.1104,1860.8185,-1.6267,0.4091,-0.3569,0.3977,-0.5955,0.6763,-1.2338,0.4477,-0.7384,0.3919,-0.6342,0.6394,-1.2738,0.5347,-0.6687
556.2778,185.1104,1860.8185,-1.6267,0.4091,-0.3569,0.4204,-0.6282,0.6546,-1.3637,0.4957,-0.6639,0.3919,-0.6342,0.6394,-1.2738,0.5347,-0.6687
556.2778,185.1104,1860.8185,-1.6267,0.4091,-0.3569,0.4369,-0.6631,0.6359,-1.3537,0.5893,-0.6173,0.3919,-0.6342,0.6394,-1.2738,0.5347,-0.6687
-57.9658,-741.1319,970.7971,-2.4523,-0.1978,0.819,-1.6125,0.6101,-0.4198,0.4729,-1.1928,5.2306,-1.605,0.6383,-0.3279,0.4415,-1.1115,5.1568
-57.9658,-741.1319,970.7971,-2.4523,-0.1978,0.819,-1.5333,0.659,-0.2425,0.4456,-1.0614,5.163,-1.605,0.6383,-0.3279,0.4415,-1.1115,5.1568
-57.9658,-741.1319,970.7971,-2.4523,-0.1978,0.819,-1.5821,0.5489,-0.3513,0.4285,-1.052,5.1743,-1.605,0.6383,-0.3279,0.4415,-1.1115,5.1568
-57.9658,-741.1319,970.7971,-2.4523,-0.1978,0.819,-1.5627,0.7241,-0.2403,0.4379,-1.1309,5.0906,-1.605,0.6383,-0.3279,0.4415,-1.1115,5.1568
-57.9658,-741.1319,970.7971,-2.4523,-0.1978,0.819,-1.5459,0.5894,-0.4176,0.4138,-1.0986,5.1865,-1.605,0.6383,-0.3279,0.4415,-1.1115,5.1568
-57.9658,-741.1319,970.7971,-2.4523,-0.1978,0.819,-1.657,0.6415,-0.2918,0.5,-1.1112,5.2367,-1.605,0.6383,-0.3279,0.4415,-1.1115,5.1568
-57.9658,-741.1319,970.7971,-2.4523,-0.1978,0.819,-1.5488,0.6253,-0.3741,0.3845,-1.1914,5.1717,-1.605,0.6383,-0.3279,0.4415,-1.1115,5.1568
-57.9658,-741.1319,970.7971,-2.4523,-0.1978,0.819,-1.5376,0.7008,-0.361,0.4842,-1.1253,5.1464,-1.605,0.6383,-0.3279,0.4415,-1.1115,5.1568
-57.9658,-741.1319,970.7971,-2.4523,-0.1978,0.819,-1.5735,0.5471,-0.3578,0.4673,-1.0879,5.1072,-1.605,0.6383,-0.3279,0.4415,-1.1115,5.1568
-57.9658,-741.1319,970.7971,-2.4523,-0.1978,0.819,-1.5938,0.6815,-0.2372,0.3624,-1.0882,5.1909,-1.605,0.6383,-0.3279,0.4415,-1.1115,5.1568
-57.9658,-741.1319,970.7971,-2.4523,-0.1978,0.819,-1.6471,0.7012,-0.2861,0.3936,-1.031,5.2193,-1.605,0.6383,-0.3279,0.4415,-1.1115,5.1568
-57.9658,-741.1319,970.7971,-2.4523,-0.1978,0.819,-1.513,0.5616,-0.3316,0.4667,-1.1396,5.1279,-1.605,0.6383,-0.3279,0.4415,-1.1115,5.1568
-57.9658,-741.1319,970.7971,-2.4523,-0.1978,0.819,-1.5945,0.5679,-0.2656,0.3673,-1.0443,5.2032,-1.605,0.6383,-0.3279,0.4415,-1.1115,5.1568
-57.9658,-741.1319,970.7971,-2.4523,-0.1978,0.819,-1.5235,0.6354,-0.2492,0.4223,-1.0392,5.2259,-1.605,0.6383,-0.3279,0.4415,-1.1115,5.1568
-57.9658,-741.1319,970.7971,-2.4523,-0.1978,0.819,-1.6891,0.5643,-0.3142,0.4315,-1.1145,5.2539,-1.605,0.6383,-0.3279,0.4415,-1.1115,5.1568
-57.9658,-741.1319,970.7971,-2.4523,-0.1978,0.819,-1.6119,0.6761,-0.2509,0.404,-1.1248,5.142,-1.605,0.6383,-0.3279,0.4415,-1.1115,5.1568
-57.9658,-741.1319,970.7971,-2.4523,-0.1978,0.819,-1.5911,0.7297,-0.3364,0.3681,-1.094,5.2028,-1.605,0.6383,-0.3279,0.4415,-1.1115,5.1568
-57.9658,-741.1319,970.7971,-2.4523,-0.1978,0.819,-1.6499,0.6445,-0.281,0.3658,-1.1509,5.1986,-1.605,0.6383,-0.3279,0.4415,-1.1115,5.1568
-57.9658,-741.1319,970.7971,-2.4523,-0.1978,0.819,-1.6999,0.5607,-0.3566,0.4108,-1.1753,5.1306,-1.605,0.6383,-0.3279,0.4415,-1.1115,5.1568
-57.9658,-741.1319,970.7971,-2.4523,-0.1978,0.819,-1.5733,0.5491,-0.3956,0.5079,-1.1569,5.0688,-1.605,0.6383,-0.3279,0.4415,-1.1115,5.1568
-875.0673,-318.1944,-117.0086,-2.9343,1.1703,0.1086,-2.7707,1.4787,0.2108,-2.5486,0.6538,-3.5695,-2.7693,1.4232,0.2372,-2.6366,0.5606,-3.6458
-875.0673,-318.1944,-117.0086,-2.9343,1.1703,0.1086,-2.8353,1.5053,0.3247,-2.6078,0.6062,-3.6219,-2.7693,1.4232,0.2372,-2.6366,0.5606,-3.6458
-875.0673,-318.1944,-117.0086,-2.9343,1.1703,0.1086,-2.8431,1.3945,0.2674,-2.5559,0.5643,-3.7323,-2.7693,1.4232,0.2372,-2.6366,0.5606,-3.6458
-875.0673,-318.1944,-117.0086,-2.9343,1.1703,0.1086,-2.8273,1.3763,0.2178,-2.7266,0.5887,-3.6256,-2.7693,1.4232,0.2372,-2.6366,0.5606,-3.6458
-875.0673,-318.1944,-117.0086,-2.9343,1.1703,0.1086,-2.7936,1.3324,0.2263,-2.7192,0.4924,-3.6322,-2.7693,1.4232,0.2372,-2.6366,0.5606,-3.6458
-875.0673,-318.1944,-117.0086,-2.9343,1.1703,0.1086,-2.8244,1.4254,0.2513,-2.6288,0.4719,-3.731,-2.7693,1.4232,0.2372,-2.6366,0.5606,-3.6458
-875.0673,-318.1944,-117.0086,-2.9343,1.1703,0.1086,-2.6773,1.4752,0.2379,-2.5513,0.51,-3.6431,-2.7693,1.4232,0.2372,-2.6366,0.5606,-3.6458
-875.0673,-318.1944,-117.0086,-2.9343,1.1703,0.1086,-2.863,1.3737,0.2212,-2.6988,0.589,-3.7382,-2.7693,1.4232,0.2372,-2.6366,0.5606,-3.6458
-875.0673,-318.1944,-117.0086,-2.9343,1.1703,0.1086,-2.7393,1.3434,0.221,-2.6398,0.6367,-3.6169,-2.7693,1.4232,0.2372,-2.6366,0.5606,-3.6458
-875.0673,-318.1944,-117.0086,-2.9343,1.1703,0.1086,-2.8401,1.3287,0.2027,-2.7048,0.5099,-3.6297,-2.7693,1.4232,0.2372,-2.6366,0.5606,-3.6458
-875.0673,-318.1944,-117.0086,-2.9343,1.1703,0.1086,-2.7793,1.4277,0.2164,-2.7012,0.5518,-3.6847,-2.7693,1.4232,0.2372,-2.6366,0.5606,-3.6458
-875.0673,-318.1944,-117.0086,-2.9343,1.1703,0.1086,-2.7915,1.5002,0.3034,-2.546,0.5808,-3.6653,-2.7693,1.4232,0.2372,-2.6366,0.5606,-3.6458
-875.0673,-318.1944,-117.0086,-2.9343,1.1703,0.1086,-2.795,1.4005,0.2293,-2.6264,0.6475,-3.714,-2.7693,1.4232,0.2372,-2.6366,0.5606,-3.6458
-875.0673,-318.1944,-117.0086,-2.9343,1.1703,0.1086,-2.7876,1.4364,0.2371,-2.5804,0.5096,-3.7008,-2.7693,1.4232,0.2372,-2.6366,0.5606,-3.6458
-875.0673,-318.1944,-117.0086,-2.9343,1.1703,0.1086,-2.7473,1.4574,0.2665,-2.5475,0.5422,-3.5592,-2.7693,1.4232,0.2372,-2.6366,0.5606,-3.6458
-875.0673,-318.1944,-117.0086,-2.9343,1.1703,0.1086,-2.6865,1.386,0.194,-2.7098,0.4854,-3.6512,-2.7693,1.4232,0.2372,-2.6366,0.5606,-3.6458
-875.0673,-318.1944,-117.0086,-2.9343,1.1703,0.1086,-2.7989,1.4624,0.3315,-2.5844,0.5057,-3.6863,-2.7693,1.4232,0.2372,-2.6366,0.5606,-3.6458
-875.0673,-318.1944,-117.0086,-2.9343,1.1703,0.1086,-2.7204,1.4377,0.3135,-2.6386,0.5216,-3.6239,-2.7693,1.4232,0.2372,-2.6366,0.5606,-3.6458
-875.0673,-318.1944,-117.0086,-2.9343,1.1703,0.1086,-2.6977,1.4306,0.2586,-2.6259,0.4694,-3.745,-2.7693,1.4232,0.2372,-2.6366,0.5606,-3.6458
-875.0673,-318.1944,-117.0086,-2.9343,1.1703,0.1086,-2.7085,1.4909,0.2153,-2.5968,0.6446,-3.563,-2.7693,1.4232,0.2372,-2.6366,0.5606,-3.6458
-824.9339,-693.4384,726.4882,0.544,-0.8293,0.081,-2.3682,0.7942,-0.05,-0.4187,-0.0085,-2.8699,-2.4398,0.7834,-0.0321,-0.4172,0.088,-2.8322
-824.9339,-693.4384,726.4882,0.544,-0.8293,0.081,-2.3951,0.8764,0.065,-0.4687,0.0736,-2.8975,-2.4398,0.7834,-0.0321,-0.4172,0.088,-2.8322
-824.9339,-693.4384,726.4882,0.544,-0.8293,0.081,-2.3668,0.8793,-0.1185,-0.3482,0.0498,-2.8843,-2.4398,0.7834,-0.0321,-0.4172,0.088,-2.8322
-824.9339,-693.4384,726.4882,0.544,-0.8293,0.081,-2.4576,0.806,-0.0477,-0.331,0.1697,-2.8437,-2.4398,0.7834,-0.0321,-0.4172,0.088,-2.8322
-824.9339,-693.4384,726.4882,0.544,-0.8293,0.081,-2.3965,0.8261,-0.0943,-0.4869,0.0207,-2.8205,-2.4398,0.7834,-0.0321,-0.4172,0.088,-2.8322
-824.9339,-693.4384,726.4882,0.544,-0.8293,0.081,-2.3673,0.8589,-0.1143,-0.3536,0.135,-2.7885,-2.4398,0.7834,-0.0321,-0.4172,0.088,-2.8322
-824.9339,-693.4384,726.4882,0.544,-0.8293,0.081,-2.47,0.7303,-0.0921,-0.4587,0.0114,-2.8524,-2.4398,0.7834,-0.0321,-0.4172,0.088,-2.8322
-824.9339,-693.4384,726.4882,0.544,-0.8293,0.081,-2.4612,0.8746,-0.0965,-0.4294,0.018,-2.7435,-2.4398,0.7834,-0.0321,-0.4172,0.088,-2.8322
-824.9339,-693.4384,726.4882,0.544,-0.8293,0.081,-2.3977,0.8164,0.05,-0.483,0.1071,-2.895,-2.4398,0.7834,-0.0321,-0.4172,0.088,-2.8322
-824.9339,-693.4384,726.4882,0.544,-0.8293,0.081,-2.5021,0.7993,0.0374,-0.4117,0.0655,-2.8279,-2.4398,0.7834,-0.0321,-0.4172,0.088,-2.8322
-824.9339,-693.4384,726.4882,0.544,-0.8293,0.081,-2.4826,0.6843,0.0152,-0.4078,0.0478,-2.7485,-2.4398,0.7834,-0.0321,-0.4172,0.088,-2.8322
-824.9339,-693.4384,726.4882,0.544,-0.8293,0.081,-2.4917,0.8592,-0.1064,-0.3687,0.009,-2.9049,-2.4398,0.7834,-0.0321,-0.4172,0.088,-2.8322
-824.9339,-693.4384,726.4882,0.544,-0.8293,0.081,-2.5091,0.7153,-0.0006,-0.32,0.0959,-2.8672,-2.4398,0.7834,-0.0321,-0.4172,0.088,-2.8322
-824.9339,-693.4384,726.4882,0.544,-0.8293,0.081,-2.34,0.7596,-0.0833,-0.3492,0.0616,-2.9093,-2.4398,0.7834,-0.0321,-0.4172,0.088,-2.8322
-824.9339,-693.4384,726.4882,0.544,-0.8293,0.081,-2.39,0.8357,-0.0828,-0.3327,0.1419,-2.8223,-2.4398,0.7834,-0.0321,-0.4172,0.088,-2.8322
-824.9339,-693.4384,726.4882,0.544,-0.8293,0.081,-2.5079,0.6929,-0.0622,-0.4123,0.0165,-2.8217,-2.4398,0.7834,-0.0321,-0.4172,0.088,-2.8322
-824.9339,-693.4384,726.4882,0.544,-0.8293,0.081,-2.392,0.8632,0.009,-0.3727,0.1321,-2.866,-2.4398,0.7834,-0.0321,-0.4172,0.088,-2.8322
-824.9339,-693.4384,726.4882,0.544,-0.8293,0.081,-2.4045,0.7338,-0.0286,-0.4767,0.1326,-2.7535,-2.4398,0.7834,-0.0321,-0.4172,0.088,-2.8322
-824.9339,-693.4384,726.4882,0.544,-0.8293,0.081,-2.4571,0.7957,0.0362,-0.5041,-0.0011,-2.8337,-2.4398,0.7834,-0.0321,-0.4172,0.088,-2.8322
-824.9339,-693.4384,726.4882,0.544,-0.8293,0.081,-2.351,0.7545,-0.0963,-0.4428,0.0231,-2.8137,-2.4398,0.7834,-0.0321,-0.4172,0.088,-2.8322
44.8899,33.3954,1747.2344,3.1282,-0.5137,0.1227,-1.7915,-0.7635,0.0534,0.8686,0.7271,4.3297,-1.7098,-0.8009,0.0512,0.7996,0.7121,4.2606
44.8899,33.3954,1747.2344,3.1282,-0.5137,0.1227,-1.6699,-0.8537,0.1315,0.752,0.6599,4.2236,-1.7098,-0.8009,0.0512,0.7996,0.7121,4.2606
44.8899,33.3954,1747.2344,3.1282,-0.5137,0.1227,-1.7577,-0.794,0.0701,0.7042,0.6433,4.2895,-1.7098,-0.8009,0.0512,0.7996,0.7121,4.2606
44.8899,33.3954,1747.2344,3.1282,-0.5137,0.1227,-1.7625,-0.8471,0.0393,0.7258,0.7225,4.3093,-1.7098,-0.8009,0.0512,0.7996,0.7121,4.2606
44.8899,33.3954,1747.2344,3.1282,-0.5137,0.1227,-1.694,-0.7736,0.1385,0.8046,0.7608,4.2839,-1.7098,-0.8009,0.0512,0.7996,0.7121,4.2606
44.8899,33.3954,1747.2344,3.1282,-0.5137,0.1227,-1.7134,-0.8278,0.0847,0.7686,0.7667,4.2653,-1.7098,-0.8009,0.0512,0.7996,0.7121,4.2606
44.8899,33.3954,1747.2344,3.1282,-0.5137,0.1227,-1.6491,-0.8395,-0.0271,0.8874,0.6557,4.1973,-1.7098,-0.8009,0.0512,0.7996,0.7121,4.2606
44.8899,33.3954,1747.2344,3.1282,-0.5137,0.1227,-1.6916,-0.741,0.0151,0.7636,0.6123,4.2249,-1.7098,-0.8009,0.0512,0.7996,0.7121,4.2606
44.8899,33.3954,1747.2344,3.1282,-0.5137,0.1227,-1.7315,-0.8956,0.0633,0.8076,0.7359,4.3457,-1.7098,-0.8009,0.0512,0.7996,0.7121,4.2606
44.8899,33.3954,1747.2344,3.1282,-0.5137,0.1227,-1.6874,-0.7081,0.0641,0.7244,0.6628,4.356,-1.7098,-0.8009,0.0512,0.7996,0.7121,4.2606
44.8899,33.3954,1747.2344,3.1282,-0.5137,0.1227,-1.7962,-0.7967,-0.0465,0.7787,0.7513,4.2021,-1.7098,-0.8009,0.0512,0.7996,0.7121,4.2606
44.8899,33.3954,1747.2344,3.1282,-0.5137,0.1227,-1.717,-0.7512,0.0639,0.7457,0.8069,4.2066,-1.7098,-0.8009,0.0512,0.7996,0.7121,4.2606
44.8899,33.3954,1747.2344,3.1282,-0.5137,0.1227,-1.6867,-0.7051,0.134,0.7397,0.6909,4.3519,-1.7098,-0.8009,0.0512,0.7996,0.7121,4.2606
44.8899,33.3954,1747.2344,3.1282,-0.5137,0.1227,-1.6471,-0.8891,0.0318,0.7806,0.6156,4.3158,-1.7098,-0.8009,0.0512,0.7996,0.7121,4.2606
44.8899,33.3954,1747.2344,3.1282,-0.5137,0.1227,-1.7586,-0.8672,0.1045,0.872,0.727,4.2888,-1.7098,-0.8009,0.0512,0.7996,0.7121,4.2606
44.8899,33.3954,1747.2344,3.1282,-0.5137,0.1227,-1.7648,-0.729,0.0937,0.8321,0.7523,4.1816,-1.7098,-0.8009,0.0512,0.7996,0.7121,4.2606
44.8899,33.3954,1747.2344,3.1282,-0.5137,0.1227,-1.7416,-0.7626,-0.0046,0.8783,0.6194,4.2135,-1.7098,-0.8009,0.0512,0.7996,0.7121,4.2606
44.8899,33.3954,1747.2344,3.1282,-0.5137,0.1227,-1.6713,-0.8184,-0.0267,0.8368,0.7478,4.3383,-1.7098,-0.8009,0.0512,0.7996,0.7121,4.2606
44.8899,33.3954,1747.2344,3.1282,-0.5137,0.1227,-1.6986,-0.8464,-0.0201,0.8598,0.7202,4.3083,-1.7098,-0.8009,0.0512,0.7996,0.7121,4.2606
44.8899,33.3954,1747.2344,3.1282,-0.5137,0.1227,-1.6464,-0.7859,0.1121,0.8765,0.7981,4.3204,-1.7098,-0.8009,0.0512,0.7996,0.7121,4.2606
-49.5887,464.8655,991.3411,-2.2861,0.4665,0.0092,1.5414,0.7399,-0.7257,2.2483,0.4196,6.4663,1.6193,0.6981,-0.7595,2.2624,0.4252,6.4066
-49.5887,464.8655,991.3411,-2.2861,0.4665,0.0092,1.5355,0.6496,-0.7481,2.3011,0.4593,6.4789,1.6193,0.6981,-0.7595,2.2624,0.4252,6.4066
-49.5887,464.8655,991.3411,-2.2861,0.4665,0.0092,1.5925,0.6737,-0.7209,2.2801,0.4269,6.4822,1.6193,0.6981,-0.7595,2.2624,0.4252,6.4066
-49.5887,464.8655,991.3411,-2.2861,0.4665,0.0092,1.6288,0.6759,-0.7215,2.3206,0.4544,6.3089,1.6193,0.6981,-0.7595,2.2624,0.4252,6.4066
-49.5887,464.8655,991.3411,-2.2861,0.4665,0.0092,1.6188,0.7444,-0.8411,2.2112,0.5232,6.3661,1.6193,0.6981,-0.7595,2.2624,0.4252,6.4066
-49.5887,464.8655,991.3411,-2.2861,0.4665,0.0092,1.6775,0.6842,-0.825,2.3388,0.4879,6.4513,1.6193,0.6981,-0.7595,2.2624,0.4252,6.4066
-49.5887,464.8655,991.3411,-2.2861,0.4665,0.0092,1.6668,0.6741,-0.8537,2.1793,0.4599,6.4176,1.6193,0.6981,-0.7595,2.2624,0.4252,6.4066
-49.5887,464.8655,991.3411,-2.2861,0.4665,0.0092,1.613,0.7262,-0.7066,2.2125,0.4369,6.3638,1.6193,0.6981,-0.7595,2.2624,0.4252,6.4066
-49.5887,464.8655,991.3411,-2.2861,0.4665,0.0092,1.5828,0.6769,-0.704,2.3486,0.4766,6.4715,1.6193,0.6981,-0.7595,2.2624,0.4252,6.4066
-49.5887,464.8655,991.3411,-2.2861,0.4665,0.0092,1.5499,0.7921,-0.6813,2.2317,0.3407,6.4581,1.6193,0.6981,-0.7595,2.2624,0.4252,6.4066
-49.5887,464.8655,991.3411,-2.2861,0.4665,0.0092,1.6798,0.7286,-0.7182,2.2154,0.3508,6.4102,1.6193,0.6981,-0.7595,2.2624,0.4252,6.4066
-49.5887,464.8655,991.3411,-2.2861,0.4665,0.0092,1.5392,0.6409,-0.7091,2.2058,0.3704,6.3473,1.6193,0.6981,-0.7595,2.2624,0.4252,6.4066
-49.5887,464.8655,991.3411,-2.2861,0.4665,0.0092,1.6522,0.7005,-0.8153,2.3546,0.329,6.4494,1.6193,0.6981,-0.7595,2.2624,0.4252,6.4066
-49.5887,464.8655,991.3411,-2.2861,0.4665,0.0092,1.6077,0.7242,-0.7098,2.2471,0.3388,6.4288,1.6193,0.6981,-0.7595,2.2624,0.4252,6.4066
-49.5887,464.8655,991.3411,-2.2861,0.4665,0.0092,1.622,0.6027,-0.7876,2.1719,0.4629,6.3742,1.6193,0.6981,-0.7595,2.2624,0.4252,6.4066
-49.5887,464.8655,991.3411,-2.2861,0.4665,0.0092,1.7099,0.782,-0.662,2.2268,0.4194,6.451,1.6193,0.6981,-0.7595,2.2624,0.4252,6.4066
-49.5887,464.8655,991.3411,-2.2861,0.4665,0.0092,1.6749,0.7772,-0.725,2.3314,0.4034,6.3928,1.6193,0.6981,-0.7595,2.2624,0.4252,6.4066
-49.5887,464.8655,991.3411,-2.2861,0.4665,0.0092,1.6534,0.7035,-0.7745,2.2889,0.3321,6.387,1.6193,0.6981,-0.7595,2.2624,0.4252,6.4066
-49.5887,464.8655,991.3411,-2.2861,0.4665,0.0092,1.6561,0.6618,-0.7579,2.2476,0.4454,6.3864,1.6193,0.6981,-0.7595,2.2624,0.4252,6.4066
-49.5887,464.8655,991.3411,-2.2861,0.4665,0.0092,1.5536,0.6018,-0.7727,2.2304,0.3964,6.3092,1.6193,0.6981,-0.7595,2.2624,0.4252,6.4066
812.3441,-785.1173,49.0948,2.7173,-0.0851,-1.5572,-0.7609,1.0941,0.5315,-1.6364,1.218,6.2011,-0.6958,1.0509,0.4605,-1.5682,1.2978,6.1402
812.3441,-785.1173,49.0948,2.7173,-0.0851,-1.5572,-0.6941,1.1316,0.5518,-1.52,1.2399,6.0416,-0.6958,1.0509,0.4605,-1.5682,1.2978,6.1402
812.3441,-785.1173,49.0948,2.7173,-0.0851,-1.5572,-0.7655,1.0141,0.5603,-1.4748,1.2273,6.0445,-0.6958,1.0509,0.4605,-1.5682,1.2978,6.1402
812.3441,-785.1173,49.0948,2.7173,-0.0851,-1.5572,-0.7769,1.1233,0.4897,-1.5934,1.3016,6.0913,-0.6958,1.0509,0.4605,-1.5682,1.2978,6.1402
812.3441,-785.1173,49.0948,2.7173,-0.0851,-1.5572,-0.7363,1.1371,0.4664,-1.6025,1.3926,6.1869,-0.6958,1.0509,0.4605,-1.5682,1.2978,6.1402
812.3441,-785.1173,49.0948,2.7173,-0.0851,-1.5572,-0.6123,1.0033,0.4954,-1.4939,1.3682,6.2357,-0.6958,1.0509,0.4605,-1.5682,1.2978,6.1402
812.3441,-785.1173,49.0948,2.7173,-0.0851,-1.5572,-0.6958,1.1039,0.4269,-1.4947,1.2699,6.0591,-0.6958,1.0509,0.4605,-1.5682,1.2978,6.1402
812.3441,-785.1173,49.0948,2.7173,-0.0851,-1.5572,-0.7317,1.1263,0.5255,-1.564,1.2931,6.163,-0.6958,1.0509,0.4605,-1.5682,1.2978,6.1402
812.3441,-785.1173,49.0948,2.7173,-0.0851,-1.5572,-0.7722,0.9581,0.4816,-1.5309,1.2134,6.0989,-0.6958,1.0509,0.4605,-1.5682,1.2978,6.1402
812.3441,-785.1173,49.0948,2.7173,-0.0851,-1.5572,-0.6318,0.9839,0.4112,-1.5104,1.2066,6.2244,-0.6958,1.0509,0.4605,-1.5682,1.2978,6.1402
812.3441,-785.1173,49.0948,2.7173,-0.0851,-1.5572,-0.7278,1.105,0.3868,-1.5949,1.2873,6.1283,-0.6958,1.0509,0.4605,-1.5682,1.2978,6.1402
812.3441,-785.1173,49.0948,2.7173,-0.0851,-1.5572,-0.6057,0.9696,0.4276,-1.6043,1.3671,6.0508,-0.6958,1.0509,0.4605,-1.5682,1.2978,6.1402
812.3441,-785.1173,49.0948,2.7173,-0.0851,-1.5572,-0.7512,1.0108,0.419,-1.4955,1.2506,6.0676,-0.6958,1.0509,0.4605,-1.5682,1.2978,6.1402
812.3441,-785.1173,49.0948,2.7173,-0.0851,-1.5572,-0.5962,1.1304,0.4155,-1.6274,1.3658,6.223,-0.6958,1.0509,0.4605,-1.5682,1.2978,6.1402
812.3441,-785.1173,49.0948,2.7173,-0.0851,-1.5572,-0.6086,0.9761,0.5216,-1.4883,1.2154,6.2284,-0.6958,1.0509,0.4605,-1.5682,1.2978,6.1402
812.3441,-785.1173,49.0948,2.7173,-0.0851,-1.5572,-0.6582,1.0168,0.5075,-1.4875,1.3177,6.2312,-0.6958,1.0509,0.4605,-1.5682,1.2978,6.1402
812.3441,-785.1173,49.0948,2.7173,-0.0851,-1.5572,-0.6039,1.0844,0.5415,-1.5085,1.2181,6.0489,-0.6958,1.0509,0.4605,-1.5682,1.2978,6.1402
812.3441,-785.1173,49.0948,2.7173,-0.0851,-1.5572,-0.7732,1.0794,0.4098,-1.5043,1.2916,6.114,-0.6958,1.0509,0.4605,-1.5682,1.2978,6.1402
812.3441,-785.1173,49.0948,2.7173,-0.0851,-1.5572,-0.7923,1.1216,0.3822,-1.6608,1.224,6.1102,-0.6958,1.0509,0.4605,-1.5682,1.2978,6.1402
812.3441,-785.1173,49.0948,2.7173,-0.0851,-1.5572,-0.6571,1.0059,0.4821,-1.6358,1.2271,6.1509,-0.6958,1.0509,0.4605,-1.5682,1.2978,6.1402
114.8976,-231.0239,921.7482,-1.667,1.1298,-1.7711,-1.3791,0.5949,-1.0947,1.5181,1.7277,-6.1854,-1.4434,0.5031,-1.0266,1.577,1.6654,-6.1908
114.8976,-231.0239,921.7482,-1.667,1.1298,-1.7711,-1.4873,0.446,-1.0735,1.6609,1.6321,-6.1632,-1.4434,0.5031,-1.0266,1.577,1.6654,-6.1908
114.8976,-231.0239,921.7482,-1.667,1.1298,-1.7711,-1.4003,0.5632,-0.9329,1.5287,1.6436,-6.1422,-1.4434,0.5031,-1.0266,1.577,1.6654,-6.1908
114.8976,-231.0239,921.7482,-1.667,1.1298,-1.7711,-1.4063,0.5142,-0.9412,1.4801,1.5959,-6.1175,-1.4434,0.5031,-1.0266,1.577,1.6654,-6.1908
114.8976,-231.0239,921.7482,-1.667,1.1298,-1.7711,-1.4406,0.5523,-0.9848,1.619,1.7324,-6.0992,-1.4434,0.5031,-1.0266,1.577,1.6654,-6.1908
114.8976,-231.0239,921.7482,-1.667,1.1298,-1.7711,-1.3604,0.4936,-1.0717,1.6362,1.7382,-6.1857,-1.4434,0.5031,-1.0266,1.577,1.6654,-6.1908
114.8976,-231.0239,921.7482,-1.667,1.1298,-1.7711,-1.4028,0.5093,-0.9936,1.5234,1.6288,-6.1833,-1.4434,0.5031,-1.0266,1.577,1.6654,-6.1908
114.8976,-231.0239,921.7482,-1.667,1.1298,-1.7711,-1.359,0.4927,-1.1145,1.5818,1.5918,-6.1702,-1.4434,0.5031,-1.0266,1.577,1.6654,-6.1908
114.8976,-231.0239,921.7482,-1.667,1.1298,-1.7711,-1.3527,0.4803,-1.0828,1.4927,1.7114,-6.1202,-1.4434,0.5031,-1.0266,1.577,1.6654,-6.1908
114.8976,-231.0239,921.7482,-1.667,1.1298,-1.7711,-1.3785,0.4777,-0.9975,1.5343,1.6081,-6.1302,-1.4434,0.5031,-1.0266,1.577,1.6654,-6.1908
114.8976,-231.0239,921.7482,-1.667,1.1298,-1.7711,-1.4978,0.4343,-1.0939,1.6574,1.751,-6.1223,-1.4434,0.5031,-1.0266,1.577,1.6654,-6.1908
114.8976,-231.0239,921.7482,-1.667,1.1298,-1.7711,-1.3844,0.5344,-1.0584,1.5515,1.7562,-6.0998,-1.4434,0.5031,-1.0266,1.577,1.6654,-6.1908
114.8976,-231.0239,921.7482,-1.667,1.1298,-1.7711,-1.3643,0.549,-1.0509,1.5176,1.7558,-6.1212,-1.4434,0.5031,-1.0266,1.577,1.6654,-6.1908
114.8976,-231.0239,921.7482,-1.667,1.1298,-1.7711,-1.498,0.4878,-0.9711,1.5415,1.7637,-6.1045,-1.4434,0.5031,-1.0266,1.577,1.6654,-6.1908
114.8976,-231.0239,921.7482,-1.667,1.1298,-1.7711,-1.5242,0.5585,-1.0517,1.5674,1.6302,-6.2334,-1.4434,0.5031,-1.0266,1.577,1.6654,-6.1908
114.8976,-231.0239,921.7482,-1.667,1.1298,-1.7711,-1.434,0.4878,-1.0649,1.5028,1.6129,-6.1083,-1.4434,0.5031,-1.0266,1.577,1.6654,-6.1908
114.8976,-231.0239,921.7482,-1.667,1.1298,-1.7711,-1.449,0.5803,-1.0427,1.5014,1.6929,-6.1418,-1.4434,0.5031,-1.0266,1.577,1.6654,-6.1908
114.8976,-231.0239,921.7482,-1.667,1.1298,-1.7711,-1.4364,0.5332,-0.9319,1.5657,1.6131,-6.2152,-1.4434,0.5031,-1.0266,1.577,1.6654,-6.1908
114.8976,-231.0239,921.7482,-1.667,1.1298,-1.7711,-1.4139,0.5442,-0.9744,1.4904,1.7331,-6.2813,-1.4434,0.5031,-1.0266,1.577,1.6654,-6.1908
114.8976,-231.0239,921.7482,-1.667,1.1298,-1.7711,-1.3609,0.5663,-1.0664,1.4975,1.611,-6.2029,-1.4434,0.5031,-1.0266,1.577,1.6654,-6.1908
-383.1979,96.5507,687.1885,2.4944,-0.4459,2.6575,-0.051,-1.4176,-0.981,-0.8394,-0.958,1.2952,-0.1186,-1.3847,-1.0075,-0.8971,-0.8641,1.2842
-383.1979,96.5507,687.1885,2.4944,-0.4459,2.6575,-0.1108,-1.4028,-0.9503,-0.8332,-0.8762,1.3433,-0.1186,-1.3847,-1.0075,-0.8971,-0.8641,1.2842
-383.1979,96.5507,687.1885,2.4944,-0.4459,2.6575,-0.0958,-1.3182,-1.0485,-0.8036,-0.8438,1.3116,-0.1186,-1.3847,-1.0075,-0.8971,-0.8641,1.2842
-383.1979,96.5507,687.1885,2.4944,-0.4459,2.6575,-0.1981,-1.3321,-1.0354,-0.9658,-0.9002,1.2998,-0.1186,-1.3847,-1.0075,-0.8971,-0.8641,1.2842
-383.1979,96.5507,687.1885,2.4944,-0.4459,2.6575,-0.0329,-1.4246,-1.0802,-0.8503,-0.8707,1.2249,-0.1186,-1.3847,-1.0075,-0.8971,-0.8641,1.2842
-383.1979,96.5507,687.1885,2.4944,-0.4459,2.6575,-0.1336,-1.3619,-0.9405,-0.8968,-0.898,1.3112,-0.1186,-1.3847,-1.0075,-0.8971,-0.8641,1.2842
-383.1979,96.5507,687.1885,2.4944,-0.4459,2.6575,-0.075,-1.3347,-1.0011,-0.9793,-0.9556,1.2509,-0.1186,-1.3847,-1.0075,-0.8971,-0.8641,1.2842
-383.1979,96.5507,687.1885,2.4944,-0.4459,2.6575,-0.0922,-1.3007,-1.0265,-0.8322,-0.8662,1.2293,-0.1186,-1.3847,-1.0075,-0.8971,-0.8641,1.2842
-383.1979,96.5507,687.1885,2.4944,-0.4459,2.6575,-0.2047,-1.314,-1.0336,-0.8861,-0.8957,1.2282,-0.1186,-1.3847,-1.0075,-0.8971,-0.8641,1.2842
-383.1979,96.5507,687.1885,2.4944,-0.4459,2.6575,-0.1776,-1.2956,-1.0968,-0.9741,-0.8519,1.3651,-0.1186,-1.3847,-1.0075,-0.8971,-0.8641,1.2842
-383.1979,96.5507,687.1885,2.4944,-0.4459,2.6575,-0.1291,-1.3254,-0.9611,-0.886,-0.9603,1.3039,-0.1186,-1.3847,-1.0075,-0.8971,-0.8641,1.2842
-383.1979,96.5507,687.1885,2.4944,-0.4459,2.6575,-0.1587,-1.4401,-0.9799,-0.8515,-0.866,1.2412,-0.1186,-1.3847,-1.0075,-0.8971,-0.8641,1.2842
-383.1979,96.5507,687.1885,2.4944,-0.4459,2.6575,-0.1662,-1.3647,-0.9419,-0.9528,-0.8872,1.2891,-0.1186,-1.3847,-1.0075,-0.8971,-0.8641,1.2842
-383.1979,96.5507,687.1885,2.4944,-0.4459,2.6575,-0.1485,-1.3797,-1.0401,-0.8126,-0.8079,1.3205,-0.1186,-1.3847,-1.0075,-0.8971,-0.8641,1.2842
-383.1979,96.5507,687.1885,2.4944,-0.4459,2.6575,-0.0369,-1.4455,-0.9487,-0.8628,-0.8148,1.1964,-0.1186,-1.3847,-1.0075,-0.8971,-0.8641,1.2842
-383.1979,96.5507,687.1885,2.4944,-0.4459,2.6575,-0.1685,-1.423,-0.9248,-0.8896,-0.8496,1.2681,-0.1186,-1.3847,-1.0075,-0.8971,-0.8641,1.2842
-383.1979,96.5507,687.1885,2.4944,-0.4459,2.6575,-0.1598,-1.4256,-1.0373,-0.8474,-0.785,1.3651,-0.1186,-1.3847,-1.0075,-0.8971,-0.8641,1.2842
-383.1979,96.5507,687.1885,2.4944,-0.4459,2.6575,-0.0384,-1.4782,-1.0856,-0.812,-0.8047,1.2853,-0.1186,-1.3847,-1.0075,-0.8971,-0.8641,1.2842
-383.1979,96.5507,687.1885,2.4944,-0.4459,2.6575,-0.17,-1.3993,-1.0824,-0.8983,-0.7842,1.2016,-0.1186,-1.3847,-1.0075,-0.8971,-0.8641,1.2842
-383.1979,96.5507,687.1885,2.4944,-0.4459,2.6575,-0.2006,-1.4712,-1.0023,-0.9349,-0.9563,1.2803,-0.1186,-1.3847,-1.0075,-0.8971,-0.8641,1.2842
-249.3151,-364.3435,-561.2123,-2.972,0.9385,2.6826,-2.106,1.7589,0.4331,-2.944,-1.904,-5.7454,-2.206,1.7218,0.4617,-2.944,-1.953,-5.7789
-249.3151,-364.3435,-561.2123,-2.972,0.9385,2.6826,-2.2821,1.8206,0.3742,-2.9372,-1.9877,-5.7683,-2.206,1.7218,0.4617,-2.944,-1.953,-5.7789
-249.3151,-364.3435,-561.2123,-2.972,0.9385,2.6826,-2.2044,1.6914,0.5434,-2.9879,-1.8604,-5.7343,-2.206,1.7218,0.4617,-2.944,-1.953,-5.7789
-249.3151,-364.3435,-561.2123,-2.972,0.9385,2.6826,-2.1971,1.6998,0.3619,-2.9042,-1.9195,-5.8416,-2.206,1.7218,0.4617,-2.944,-1.953,-5.7789
-249.3151,-364.3435,-561.2123,-2.972,0.9385,2.6826,-2.2031,1.8069,0.5339,-2.8605,-1.8647,-5.8482,-2.206,1.7218,0.4617,-2.944,-1.953,-5.7789
-249.3151,-364.3435,-561.2123,-2.972,0.9385,2.6826,-2.285,1.6751,0.362,-2.9403,-1.9797,-5.7208,-2.206,1.7218,0.4617,-2.944,-1.953,-5.7789
-249.3151,-364.3435,-561.2123,-2.972,0.9385,2.6826,-2.2924,1.6554,0.5546,-2.956,-1.9413,-5.8777,-2.206,1.7218,0.4617,-2.944,-1.953,-5.7789
-249.3151,-364.3435,-561.2123,-2.972,0.9385,2.6826,-2.1902,1.8189,0.54,-2.8853,-2.0021,-5.8565,-2.206,1.7218,0.4617,-2.944,-1.953,-5.7789
-249.3151,-364.3435,-561.2123,-2.972,0.9385,2.6826,-2.2711,1.6966,0.5337,-2.8567,-1.9149,-5.8387,-2.206,1.7218,0.4617,-2.944,-1.953,-5.7789
-249.3151,-364.3435,-561.2123,-2.972,0.9385,2.6826,-2.1542,1.7409,0.3964,-2.9439,-1.916,-5.866,-2.206,1.7218,0.4617,-2.944,-1.953,-5.7789
-249.3151,-364.3435,-561.2123,-2.972,0.9385,2.6826,-2.278,1.814,0.428,-2.9811,-1.9895,-5.7874,-2.206,1.7218,0.4617,-2.944,-1.953,-5.7789
-249.3151,-364.3435,-561.2123,-2.972,0.9385,2.6826,-2.2286,1.7017,0.4948,-3.0331,-2.0336,-5.7832,-2.206,1.7218,0.4617,-2.944,-1.953,-5.7789
-249.3151,-364.3435,-561.2123,-2.972,0.9385,2.6826,-2.2568,1.7925,0.3934,-2.9008,-1.9863,-5.8085,-2.206,1.7218,0.4617,-2.944,-1.953,-5.7789
-249.3151,-364.3435,-561.2123,-2.972,0.9385,2.6826,-2.2434,1.7149,0.424,-2.9654,-2.0425,-5.8391,-2.206,1.7218,0.4617,-2.944,-1.953,-5.7789
-249.3151,-364.3435,-561.2123,-2.972,0.9385,2.6826,-2.1101,1.6241,0.5089,-2.9884,-1.944,-5.6814,-2.206,1.7218,0.4617,-2.944,-1.953,-5.7789
-249.3151,-364.3435,-561.2123,-2.972,0.9385,2.6826,-2.3005,1.7583,0.5379,-2.9608,-1.8692,-5.7242,-2.206,1.7218,0.4617,-2.944,-1.953,-5.7789
-249.3151,-364.3435,-561.2123,-2.972,0.9385,2.6826,-2.2469,1.695,0.3877,-2.8965,-1.9267,-5.8008,-2.206,1.7218,0.4617,-2.944,-1.953,-5.7789
-249.3151,-364.3435,-561.2123,-2.972,0.9385,2.6826,-2.1499,1.7062,0.426,-2.9708,-1.906,-5.6813,-2.206,1.7218,0.4617,-2.944,-1.953,-5.7789
-249.3151,-364.3435,-561.2123,-2.972,0.9385,2.6826,-2.1436,1.625,0.3959,-3.014,-1.8777,-5.7495,-2.206,1.7218,0.4617,-2.944,-1.953,-5.7789
-249.3151,-364.3435,-561.2123,-2.972,0.9385,2.6826,-2.2923,1.662,0.4445,-2.9504,-1.9385,-5.8032,-2.206,1.7218,0.4617,-2.944,-1.953,-5.7789
-213.3155,-380.1387,1114.3579,-1.2691,0.569,0.7872,1.1059,-1.0502,-0.6909,3.4663,-0.8134,0.3849,1.1078,-1.0196,-0.7536,3.4663,-0.8896,0.4372
-213.3155,-380.1387,1114.3579,-1.2691,0.569,0.7872,1.0798,-1.0924,-0.8219,3.5354,-0.8353,0.339,1.1078,-1.0196,-0.7536,3.4663,-0.8896,0.4372
-213.3155,-380.1387,1114.3579,-1.2691,0.569,0.7872,1.0452,-1.0694,-0.8309,3.4845,-0.9534,0.5018,1.1078,-1.0196,-0.7536,3.4663,-0.8896,0.4372
-213.3155,-380.1387,1114.3579,-1.2691,0.569,0.7872,1.1876,-0.9397,-0.8029,3.491,-0.9885,0.503,1.1078,-1.0196,-0.7536,3.4663,-0.8896,0.4372
-213.3155,-380.1387,1114.3579,-1.2691,0.569,0.7872,1.1872,-1.0297,-0.6654,3.39,-0.8725,0.5291,1.1078,-1.0196,-0.7536,3.4663,-0.8896,0.4372
-213.3155,-380.1387,1114.3579,-1.2691,0.569,0.7872,1.1405,-1.1055,-0.8191,3.4108,-0.8726,0.4517,1.1078,-1.0196,-0.7536,3.4663,-0.8896,0.4372
-213.3155,-380.1387,1114.3579,-1.2691,0.569,0.7872,1.1074,-0.9411,-0.7202,3.3804,-0.8955,0.4877,1.1078,-1.0196,-0.7536,3.4663,-0.8896,0.4372
-213.3155,-380.1387,1114.3579,-1.2691,0.569,0.7872,1.1928,-1.0372,-0.7927,3.4281,-0.916,0.4788,1.1078,-1.0196,-0.7536,3.4663,-0.8896,0.4372
-213.3155,-380.1387,1114.3579,-1.2691,0.569,0.7872,1.0703,-0.9513,-0.705,3.5302,-0.9159,0.4384,1.1078,-1.0196,-0.7536,3.4663,-0.8896,0.4372
-213.3155,-380.1387,1114.3579,-1.2691,0.569,0.7872,1.1756,-1.0684,-0.798,3.3771,-0.867,0.4995,1.1078,-1.0196,-0.7536,3.4663,-0.8896,0.4372
-213.3155,-380.1387,1114.3579,-1.2691,0.569,0.7872,1.1212,-1.0328,-0.6643,3.4922,-0.936,0.5042,1.1078,-1.0196,-0.7536,3.4663,-0.8896,0.4372
-213.3155,-380.1387,1114.3579,-1.2691,0.569,0.7872,1.0674,-0.9402,-0.6622,3.3734,-0.9312,0.3705,1.1078,-1.0196,-0.7536,3.4663,-0.8896,0.4372
-213.3155,-380.1387,1114.3579,-1.2691,0.569,0.7872,1.1908,-1.0962,-0.8138,3.4782,-0.8962,0.4253,1.1078,-1.0196,-0.7536,3.4663,-0.8896,0.4372
-213.3155,-380.1387,1114.3579,-1.2691,0.569,0.7872,1.0309,-1.0254,-0.8482,3.4709,-0.8174,0.4427,1.1078,-1.0196,-0.7536,3.4663,-0.8896,0.4372
-213.3155,-380.1387,1114.3579,-1.2691,0.569,0.7872,1.0839,-1.0284,-0.7022,3.4681,-0.9858,0.5118,1.1078,-1.0196,-0.7536,3.4663,-0.8896,0.4372
-213.3155,-380.1387,1114.3579,-1.2691,0.569,0.7872,1.1168,-1.0266,-0.8405,3.3967,-0.819,0.4484,1.1078,-1.0196,-0.7536,3.4663,-0.8896,0.4372
-213.3155,-380.1387,1114.3579,-1.2691,0.569,0.7872,1.1987,-1.0329,-0.723,3.4907,-0.8663,0.3868,1.1078,-1.0196,-0.7536,3.4663,-0.8896,0.4372
-213.3155,-380.1387,1114.3579,-1.2691,0.569,0.7872,1.0094,-1.1041,-0.8398,3.4865,-0.9473,0.4392,1.1078,-1.0196,-0.7536,3.4663,-0.8896,0.4372
-213.3155,-380.1387,1114.3579,-1.2691,0.569,0.7872,1.023,-1.089,-0.7651,3.4332,-0.9063,0.4142,1.1078,-1.0196,-0.7536,3.4663,-0.8896,0.4372
-213.3155,-380.1387,1114.3579,-1.2691,0.569,0.7872,1.1645,-0.9814,-0.8511,3.4205,-0.8783,0.4216,1.1078,-1.0196,-0.7536,3.4663,-0.8896,0.4372
-73.9893,-199.3347,1784.3901,3.0938,0.1018,-0.8274,1.1486,-0.9916,0.2175,1.5444,-0.2369,-5.8366,1.1271,-0.9837,0.1822,1.5376,-0.2224,-5.904
-73.9893,-199.3347,1784.3901,3.0938,0.1018,-0.8274,1.1442,-1.0124,0.2272,1.4569,-0.2997,-5.9312,1.1271,-0.9837,0.1822,1.5376,-0.2224,-5.904
-73.9893,-199.3347,1784.3901,3.0938,0.1018,-0.8274,1.0505,-0.9878,0.2502,1.607,-0.1846,-5.9168,1.1271,-0.9837,0.1822,1.5376,-0.2224,-5.904
-73.9893,-199.3347,1784.3901,3.0938,0.1018,-0.8274,1.106,-0.8931,0.2377,1.5662,-0.1921,-5.899,1.1271,-0.9837,0.1822,1.5376,-0.2224,-5.904
-73.9893,-199.3347,1784.3901,3.0938,0.1018,-0.8274,1.086,-0.9334,0.0929,1.4681,-0.1431,-5.9327,1.1271,-0.9837,0.1822,1.5376,-0.2224,-5.904
-73.9893,-199.3347,1784.3901,3.0938,0.1018,-0.8274,1.0681,-1.0754,0.2425,1.5807,-0.2553,-5.8333,1.1271,-0.9837,0.1822,1.5376,-0.2224,-5.904
-73.9893,-199.3347,1784.3901,3.0938,0.1018,-0.8274,1.2044,-0.9294,0.2771,1.5671,-0.1534,-5.9594,1.1271,-0.9837,0.1822,1.5376,-0.2224,-5.904
-73.9893,-199.3347,1784.3901,3.0938,0.1018,-0.8274,1.0856,-0.9748,0.118,1.5333,-0.2356,-5.979,1.1271,-0.9837,0.1822,1.5376,-0.2224,-5.904
-73.9893,-199.3347,1784.3901,3.0938,0.1018,-0.8274,1.0392,-1.0031,0.2079,1.4438,-0.2581,-5.8693,1.1271,-0.9837,0.1822,1.5376,-0.2224,-5.904
-73.9893,-199.3347,1784.3901,3.0938,0.1018,-0.8274,1.1398,-1.0548,0.2005,1.59,-0.256,-5.8706,1.1271,-0.9837,0.1822,1.5376,-0.2224,-5.904
-73.9893,-199.3347,1784.3901,3.0938,0.1018,-0.8274,1.1478,-0.9942,0.1757,1.5111,-0.2804,-5.8909,1.1271,-0.9837,0.1822,1.5376,-0.2224,-5.904
-73.9893,-199.3347,1784.3901,3.0938,0.1018,-0.8274,1.0426,-1.002,0.2766,1.628,-0.1395,-5.9145,1.1271,-0.9837,0.1822,1.5376,-0.2224,-5.904
-73.9893,-199.3347,1784.3901,3.0938,0.1018,-0.8274,1.1817,-0.9551,0.116,1.4477,-0.1877,-5.9825,1.1271,-0.9837,0.1822,1.5376,-0.2224,-5.904
-73.9893,-199.3347,1784.3901,3.0938,0.1018,-0.8274,1.0582,-0.8932,0.1974,1.4472,-0.2822,-5.9802,1.1271,-0.9837,0.1822,1.5376,-0.2224,-5.904
-73.9893,-199.3347,1784.3901,3.0938,0.1018,-0.8274,1.0346,-1.0443,0.1426,1.6092,-0.1572,-5.9501,1.1271,-0.9837,0.1822,1.5376,-0.2224,-5.904
-73.9893,-199.3347,1784.3901,3.0938,0.1018,-0.8274,1.1058,-0.9931,0.2418,1.6215,-0.2784,-5.9906,1.1271,-0.9837,0.1822,1.5376,-0.2224,-5.904
-73.9893,-199.3347,1784.3901,3.0938,0.1018,-0.8274,1.0347,-1.0182,0.2333,1.4762,-0.1599,-5.9433,1.1271,-0.9837,0.1822,1.5376,-0.2224,-5.904
-73.9893,-199.3347,1784.3901,3.0938,0.1018,-0.8274,1.1458,-0.9821,0.1172,1.5324,-0.1436,-5.8651,1.1271,-0.9837,0.1822,1.5376,-0.2224,-5.904
-73.9893,-199.3347,1784.3901,3.0938,0.1018,-0.8274,1.1735,-0.919,0.196,1.5981,-0.2316,-5.8881,1.1271,-0.9837,0.1822,1.5376,-0.2224,-5.904
-73.9893,-199.3347,1784.3901,3.0938,0.1018,-0.8274,1.1044,-0.959,0.2388,1.561,-0.3223,-5.992,1.1271,-0.9837,0.1822,1.5376,-0.2224,-5.904
